Date,Symbol,Total Return,Annualized Return,Annualized Volatility,Sharpe Ratio,Max Drawdown,Win Rate,Avg Win,Avg Loss,Profit Factor,Trade Count
2025-04-21,GOOGL,-0.003164,-0.550066,0.017392,-32.7767,-0.008065,0.3333,9.7129,-6.3632,1.5264,45
2025-04-22,GOOGL,0.032033,52.134166,0.038472,1354.5878,-0.008065,0.3778,24.2886,-7.1198,3.4114,93
2025-04-23,GOOGL,0.024538,6.662555,0.035414,187.5685,-0.014546,0.3649,20.8382,-8.4902,2.4544,147
2025-04-24,GOOGL,0.064087,49.067369,0.056632,866.0765,-0.015945,0.3636,27.5787,-8.9776,3.072,195
2025-04-25,GOOGL,0.024958,2.464088,0.051304,47.6392,-0.045429,0.2993,26.2603,-9.4821,2.7695,260
2025-04-28,GOOGL,0.006317,0.302735,0.048027,5.887,-0.066168,0.2927,24.1503,-9.6302,2.5078,313
2025-04-29,GOOGL,0.004641,0.181385,0.045967,3.5109,-0.066168,0.2979,22.8092,-9.4422,2.4157,358
2025-04-30,GOOGL,0.001333,0.042865,0.043933,0.5205,-0.076084,0.3041,21.6231,-9.3923,2.3022,412
2025-05-01,GOOGL,-0.007165,-0.182371,0.042023,-4.8157,-0.076575,0.3117,20.1834,-9.4229,2.142,474
2025-05-02,GOOGL,-0.008542,-0.194415,0.040022,-5.3575,-0.078556,0.3105,19.2632,-8.9716,2.1471,535
2025-05-05,GOOGL,-0.01544,-0.29986,0.038897,-8.2233,-0.083052,0.3079,18.6542,-8.7932,2.1214,582
2025-05-06,GOOGL,-0.031493,-0.489312,0.037633,-13.5338,-0.098003,0.3,18.2317,-8.7225,2.0902,635
2025-05-07,GOOGL,-0.046427,-0.60209,0.037393,-16.6367,-0.11925,0.3053,17.6959,-9.0257,1.9606,689
2025-05-08,GOOGL,-0.044023,-0.555312,0.037687,-15.2657,-0.11925,0.3067,17.9368,-9.0259,1.9873,749
2025-05-09,GOOGL,-0.042613,-0.518861,0.036752,-14.662,-0.11925,0.3084,17.2932,-8.7025,1.9872,800
2025-05-12,GOOGL,-0.048358,-0.541901,0.036352,-15.4571,-0.120988,0.3044,17.2246,-8.5692,2.0101,866
2025-05-13,GOOGL,-0.040901,-0.461538,0.035906,-13.4111,-0.120988,0.3116,16.72,-8.4013,1.9902,918
2025-05-14,GOOGL,-0.028922,-0.336928,0.035912,-9.939,-0.120988,0.3109,17.1049,-8.2709,2.0681,979
2025-05-15,GOOGL,-0.020869,-0.244003,0.035629,-7.4097,-0.120988,0.3145,16.9693,-8.1676,2.0776,1024
2025-05-16,GOOGL,-0.029774,-0.316718,0.035177,-9.5721,-0.120988,0.3129,16.8407,-8.1905,2.0561,1074
2025-05-19,GOOGL,-0.018512,-0.20087,0.035021,-6.3069,-0.120988,0.319,16.6589,-8.1158,2.0527,1127
2025-05-20,GOOGL,-0.033231,-0.320987,0.03451,-9.8807,-0.120988,0.3191,16.3031,-8.1746,1.9944,1181
2025-05-21,GOOGL,-0.005767,-0.061404,0.035802,-2.2737,-0.120988,0.3187,17.044,-8.0608,2.1144,1231
2025-05-22,GOOGL,0.01731,0.197457,0.036927,4.8057,-0.120988,0.3167,17.9889,-8.0845,2.2251,1281
2025-05-23,GOOGL,0.000588,0.005947,0.036524,-0.3848,-0.120988,0.3108,17.937,-8.0803,2.2198,1340
2025-05-27,GOOGL,0.001013,0.009864,0.036056,-0.2811,-0.120988,0.3126,17.6697,-8.0213,2.2028,1397
2025-05-28,GOOGL,0.007504,0.072267,0.035588,1.4687,-0.120988,0.3187,17.2202,-7.9562,2.1644,1449
2025-05-29,GOOGL,-0.001082,-0.009697,0.035113,-0.8457,-0.120988,0.3154,17.0677,-7.8762,2.167,1504
2025-05-30,GOOGL,-0.000506,-0.004391,0.035079,-0.6953,-0.120988,0.3171,17.076,-7.9354,2.1519,1545
2025-06-02,GOOGL,-0.013738,-0.1097,0.034607,-3.7478,-0.120988,0.3157,16.7484,-7.8867,2.1236,1603
2025-06-03,GOOGL,-0.036344,-0.259882,0.034288,-8.1627,-0.120988,0.3116,16.5771,-7.9125,2.095,1655
2025-06-04,GOOGL,-0.033661,-0.236347,0.03379,-7.5864,-0.120988,0.3134,16.284,-7.8019,2.0872,1715
2025-06-05,GOOGL,-0.025541,-0.179281,0.033748,-5.9049,-0.120988,0.3164,16.3006,-7.8202,2.0844,1755
2025-06-06,GOOGL,-0.00811,-0.058568,0.033767,-2.3268,-0.120988,0.3197,16.4673,-7.8254,2.1043,1803
2025-06-09,GOOGL,0.000261,0.00188,0.033418,-0.5422,-0.120988,0.3219,16.2825,-7.7259,2.1075,1857
2025-06-10,GOOGL,0.011828,0.08579,0.033642,1.9556,-0.120988,0.3225,16.3731,-7.6748,2.1334,1901
2025-06-11,GOOGL,0.005738,0.03974,0.033394,0.5911,-0.120988,0.3198,16.3501,-7.6299,2.1429,1947
2025-06-12,GOOGL,-0.009104,-0.058848,0.033069,-2.3843,-0.120988,0.3159,16.2604,-7.5958,2.1407,1998
2025-06-13,GOOGL,-0.005253,-0.033458,0.033114,-1.6144,-0.120988,0.3151,16.2923,-7.5436,2.1598,2045
2025-06-16,GOOGL,-0.00547,-0.033967,0.032849,-1.6429,-0.120988,0.3161,16.1117,-7.497,2.1491,2094
2025-06-17,GOOGL,-0.005615,-0.034018,0.032608,-1.6566,-0.120988,0.3159,15.9899,-7.4326,2.1513,2135
2025-06-18,GOOGL,-0.010999,-0.064207,0.032291,-2.6078,-0.120988,0.316,15.7385,-7.3661,2.1366,2187
2025-06-20,GOOGL,-0.016048,-0.090453,0.032038,-3.4475,-0.120988,0.3172,15.5377,-7.3546,2.1126,2233
2025-06-23,GOOGL,-0.010788,-0.060229,0.032293,-2.4844,-0.120988,0.3168,15.813,-7.4212,2.1308,2288
2025-06-24,GOOGL,-0.035531,-0.183391,0.031833,-6.3893,-0.120988,0.3133,15.5866,-7.3906,2.109,2369
2025-06-25,GOOGL,-0.028698,-0.147442,0.031655,-5.2896,-0.120988,0.3158,15.4986,-7.3762,2.1012,2419
2025-06-26,GOOGL,-0.014701,-0.076338,0.03159,-3.0496,-0.120988,0.3203,15.4346,-7.3857,2.0898,2464
2025-06-27,GOOGL,0.000137,0.000721,0.032591,-0.5916,-0.120988,0.3181,15.6564,-7.303,2.1438,2532
2025-06-30,GOOGL,-0.003394,-0.017334,0.032336,-1.1546,-0.120988,0.3172,15.6189,-7.2817,2.1449,2596
2025-07-01,GOOGL,0.000771,0.003892,0.032184,-0.5005,-0.120988,0.3184,15.5886,-7.2781,2.1419,2637
2025-07-02,GOOGL,0.000883,0.004371,0.031941,-0.4893,-0.120988,0.3182,15.4868,-7.2231,2.1441,2689
2025-07-03,GOOGL,-0.005624,-0.026962,0.031771,-1.4781,-0.120988,0.3182,15.3758,-7.2154,2.131,2727
2025-07-07,GOOGL,-0.024485,-0.111185,0.031513,-4.1629,-0.120988,0.3169,15.195,-7.2156,2.1059,2787
2025-07-08,GOOGL,-0.028973,-0.128209,0.031294,-4.736,-0.120988,0.3161,15.0788,-7.1618,2.1054,2840
2025-07-09,GOOGL,-0.004432,-0.020145,0.031593,-1.2707,-0.120988,0.3179,15.1998,-7.1133,2.1368,2882
2025-07-10,GOOGL,-0.011018,-0.048633,0.031397,-2.186,-0.120988,0.3177,15.0774,-7.0916,2.1261,2929
2025-07-11,GOOGL,-0.005161,-0.022615,0.031348,-1.3594,-0.120988,0.3181,15.1058,-7.0803,2.1335,2969
2025-07-14,GOOGL,-0.018488,-0.077881,0.03123,-3.1342,-0.120988,0.3186,14.9888,-7.1239,2.104,3020
2025-07-15,GOOGL,-0.020524,-0.084766,0.031056,-3.3735,-0.120988,0.3196,14.8605,-7.1089,2.0904,3064
2025-07-16,GOOGL,-0.028994,-0.116244,0.030941,-4.4034,-0.120988,0.3182,14.8835,-7.1233,2.0894,3123
2025-07-17,GOOGL,-0.037194,-0.14494,0.030784,-5.358,-0.120988,0.3175,14.8329,-7.1208,2.083,3181
2025-07-18,GOOGL,-0.038307,-0.146799,0.030637,-5.4443,-0.120988,0.3197,14.6908,-7.1294,2.0606,3227
2025-04-21,AMZN,-0.01223,-0.954989,0.020467,-47.6377,-0.014547,0.25,11.778,-8.4555,1.3929,49
2025-04-22,AMZN,0.06751,3756.229707,0.065008,57780.3132,-0.014547,0.38,37.2364,-8.304,4.4841,99
2025-04-23,AMZN,0.062281,158.995904,0.056019,2837.8852,-0.023839,0.3571,32.0531,-10.1183,3.1678,167
2025-04-24,AMZN,0.082249,144.418401,0.054132,2667.5299,-0.027897,0.3982,29.5708,-11.5053,2.5702,222
2025-04-25,AMZN,0.063325,21.078612,0.049197,428.0458,-0.02946,0.3472,28.8449,-10.8519,2.6581,287
2025-04-28,AMZN,0.055657,8.726462,0.045921,189.5966,-0.036558,0.343,26.4514,-10.5273,2.5126,343
2025-04-29,AMZN,0.054801,5.825473,0.043768,132.6421,-0.036558,0.3384,25.4616,-10.2335,2.4881,393
2025-04-30,AMZN,0.087593,13.083081,0.052204,250.2315,-0.040375,0.3393,27.7201,-10.289,2.6941,441
2025-05-01,AMZN,0.062071,4.398777,0.054909,79.7462,-0.040375,0.3386,27.7423,-11.7383,2.3634,496
2025-05-02,AMZN,0.080231,5.99235,0.053494,111.645,-0.040375,0.3521,26.9434,-11.7362,2.2957,556
2025-05-05,AMZN,0.061094,2.890406,0.051866,55.3432,-0.040375,0.3419,25.9594,-11.4922,2.2589,604
2025-05-06,AMZN,0.056533,2.173563,0.050524,42.6242,-0.040375,0.3433,25.1951,-11.457,2.1991,655
2025-05-07,AMZN,0.047532,1.459985,0.049682,28.9842,-0.044562,0.3324,25.3903,-11.35,2.237,713
2025-05-08,AMZN,0.061685,1.937126,0.049008,39.1185,-0.044562,0.3291,25.4181,-10.9308,2.3254,773
2025-05-09,AMZN,0.054114,1.42387,0.047543,29.5282,-0.044562,0.3294,24.1349,-10.6002,2.2768,828
2025-05-12,AMZN,0.074399,2.096405,0.047299,43.8999,-0.044562,0.3442,23.5181,-10.6972,2.1985,888
2025-05-13,AMZN,0.087265,2.456355,0.046675,52.1986,-0.044562,0.3485,23.1123,-10.5131,2.1984,933
2025-05-14,AMZN,0.080072,1.939931,0.045314,42.369,-0.044562,0.3476,22.0741,-10.171,2.1703,994
2025-05-15,AMZN,0.063,1.248614,0.044467,27.6299,-0.044562,0.342,21.7607,-10.1284,2.1485,1045
2025-05-16,AMZN,0.049259,0.83282,0.0435,18.6856,-0.044562,0.3374,21.2788,-9.9659,2.1352,1104
2025-05-19,AMZN,0.061548,1.047745,0.043425,23.667,-0.046505,0.3384,21.1006,-9.7519,2.1637,1158
2025-05-20,AMZN,0.048043,0.711717,0.042657,16.2156,-0.046505,0.3317,20.8856,-9.5955,2.1766,1205
2025-05-21,AMZN,0.046778,0.65021,0.042051,14.9869,-0.047309,0.3318,20.5084,-9.4593,2.1681,1249
2025-05-22,AMZN,0.066542,0.966835,0.041598,22.7617,-0.047309,0.3348,20.4804,-9.3123,2.1993,1297
2025-05-23,AMZN,0.070766,0.992142,0.041432,23.4635,-0.047309,0.3314,20.7118,-9.2499,2.2391,1348
2025-05-27,AMZN,0.066981,0.874577,0.040774,20.959,-0.047309,0.3278,20.6191,-9.1313,2.2581,1405
2025-05-28,AMZN,0.085839,1.156809,0.041364,27.4828,-0.047309,0.3262,20.8904,-8.9723,2.3283,1453
2025-05-29,AMZN,0.068326,0.812732,0.040869,19.3967,-0.047309,0.3234,20.7113,-9.0242,2.2951,1502
2025-05-30,AMZN,0.06271,0.696431,0.040493,16.705,-0.047309,0.3232,20.5146,-9.018,2.2748,1548
2025-06-02,AMZN,0.072418,0.799107,0.039993,19.4812,-0.047309,0.3248,20.3409,-8.9112,2.2826,1600
2025-06-03,AMZN,0.064146,0.657659,0.039675,16.0719,-0.047309,0.3215,20.2052,-8.8251,2.2895,1644
2025-06-04,AMZN,0.060709,0.590635,0.039211,14.5531,-0.047309,0.3233,19.7988,-8.7695,2.2577,1690
2025-06-05,AMZN,0.060192,0.562597,0.039249,13.8244,-0.047309,0.3229,19.9385,-8.8427,2.2548,1741
2025-06-06,AMZN,0.083544,0.81248,0.039031,20.3038,-0.047309,0.3293,19.7512,-8.7898,2.2471,1783
2025-06-09,AMZN,0.0904,0.864744,0.038542,21.9177,-0.047309,0.3344,19.2781,-8.724,2.2098,1838
2025-06-10,AMZN,0.083363,0.751531,0.038125,19.1875,-0.047309,0.334,19.0264,-8.6824,2.1914,1891
2025-06-11,AMZN,0.065864,0.544085,0.037714,13.8964,-0.047309,0.3313,18.7705,-8.6414,2.1722,1940
2025-06-12,AMZN,0.06448,0.513436,0.037256,13.2444,-0.047309,0.3298,18.6066,-8.5286,2.1817,1998
2025-06-13,AMZN,0.080906,0.653183,0.037282,16.9838,-0.047309,0.3317,18.641,-8.4846,2.197,2042
2025-06-16,AMZN,0.089677,0.717818,0.037105,18.8065,-0.047309,0.3305,18.7358,-8.4165,2.2261,2086
2025-06-17,AMZN,0.096051,0.75717,0.036852,20.0034,-0.047309,0.3327,18.4904,-8.3452,2.2157,2137
2025-06-18,AMZN,0.091342,0.689523,0.036679,18.2538,-0.047309,0.3333,18.3539,-8.3606,2.1953,2180
2025-06-20,AMZN,0.094339,0.696086,0.036366,18.5914,-0.047309,0.3371,17.9658,-8.3116,2.1615,2235
2025-06-23,AMZN,0.097942,0.707695,0.03612,19.0392,-0.047309,0.3379,17.9109,-8.3003,2.1578,2284
2025-06-24,AMZN,0.097903,0.687169,0.035714,18.6808,-0.047309,0.3419,17.492,-8.2648,2.1164,2345
2025-06-25,AMZN,0.096967,0.660319,0.035454,18.0605,-0.047309,0.3442,17.1937,-8.2214,2.0913,2387
2025-06-26,AMZN,0.111971,0.766603,0.035319,21.139,-0.047309,0.3492,17.0154,-8.2206,2.0699,2450
2025-06-27,AMZN,0.111654,0.743173,0.035057,20.6286,-0.047309,0.3472,16.9864,-8.1571,2.0824,2525
2025-06-30,AMZN,0.095844,0.601111,0.034933,16.6352,-0.047309,0.3454,16.9488,-8.2075,2.065,2577
2025-07-01,AMZN,0.082836,0.493465,0.034616,13.6775,-0.047309,0.3448,16.7293,-8.1865,2.0435,2640
2025-07-02,AMZN,0.075912,0.435538,0.034297,12.116,-0.047309,0.3451,16.5098,-8.1431,2.0274,2694
2025-07-03,AMZN,0.081011,0.458633,0.03409,12.8671,-0.047309,0.3454,16.4252,-8.0812,2.0325,2740
2025-07-07,AMZN,0.079189,0.436714,0.033836,12.3155,-0.047309,0.3463,16.2488,-8.0466,2.0193,2791
2025-07-08,AMZN,0.076034,0.407739,0.033599,11.5403,-0.047309,0.3461,16.1072,-7.9951,2.0146,2841
2025-07-09,AMZN,0.087541,0.46888,0.03344,13.4236,-0.047309,0.3465,16.0803,-7.9279,2.0283,2893
2025-07-10,AMZN,0.08096,0.419524,0.033145,12.054,-0.047309,0.3482,15.7379,-7.8643,2.0012,2950
2025-07-11,AMZN,0.09102,0.469808,0.032919,13.6639,-0.047309,0.3479,15.6737,-7.7639,2.0188,3008
2025-07-14,AMZN,0.090505,0.457091,0.032694,13.3692,-0.047309,0.349,15.4622,-7.7007,2.0079,3054
2025-07-15,AMZN,0.086228,0.42372,0.032491,12.4255,-0.047309,0.3489,15.3769,-7.6901,1.9996,3106
2025-07-16,AMZN,0.068657,0.321662,0.032234,9.3584,-0.047333,0.3476,15.2318,-7.6865,1.9816,3171
2025-07-17,AMZN,0.063214,0.288171,0.031982,8.385,-0.052761,0.3465,15.1004,-7.6209,1.9815,3227
2025-07-18,AMZN,0.059759,0.266061,0.031799,7.738,-0.057808,0.3438,15.0971,-7.5501,1.9996,3279
2025-04-21,MSFT,-0.023308,-0.997376,0.038014,-26.763,-0.027365,0.3,5.8626,-13.6115,0.4307,39
2025-04-22,MSFT,-0.00785,-0.62956,0.046158,-14.0725,-0.030539,0.4186,18.1721,-15.1774,1.1973,85
2025-04-23,MSFT,-0.005129,-0.350762,0.041909,-8.8468,-0.030539,0.4262,17.8997,-14.2739,1.254,121
2025-04-24,MSFT,0.000408,0.026061,0.042569,0.1424,-0.030539,0.4337,18.2189,-13.8969,1.311,164
2025-04-25,MSFT,-0.0105,-0.412579,0.038423,-11.2584,-0.030539,0.4112,16.4762,-12.6183,1.3057,213
2025-04-28,MSFT,-0.01724,-0.518281,0.036672,-14.6781,-0.031886,0.384,16.5498,-11.8094,1.4014,251
2025-04-29,MSFT,-0.015508,-0.430313,0.034763,-12.9537,-0.031886,0.3741,16.2179,-10.8193,1.499,297
2025-04-30,MSFT,0.050421,3.70924,0.068089,54.1827,-0.040472,0.3626,24.7576,-10.9984,2.251,344
2025-05-01,MSFT,0.045482,2.474303,0.064356,38.1362,-0.040472,0.355,23.3891,-10.5226,2.2228,394
2025-05-02,MSFT,0.05278,2.655219,0.062256,42.3285,-0.040472,0.3543,23.157,-10.2606,2.2569,436
2025-05-05,MSFT,0.06253,3.012852,0.060584,49.4001,-0.040472,0.3598,22.8721,-10.1316,2.2575,468
2025-05-06,MSFT,0.05368,1.998359,0.057557,34.3724,-0.040472,0.3444,22.2818,-9.6855,2.3005,526
2025-05-07,MSFT,0.04524,1.357733,0.055649,24.0389,-0.040472,0.3322,22.1878,-9.4737,2.342,567
2025-05-08,MSFT,0.059266,1.818977,0.054355,33.0967,-0.040472,0.3365,21.8332,-9.1661,2.382,610
2025-05-09,MSFT,0.050951,1.304536,0.0527,24.3745,-0.040472,0.3243,21.5303,-8.8249,2.4397,651
2025-05-12,MSFT,0.067815,1.810682,0.052586,34.0524,-0.040472,0.3249,22.2676,-8.8229,2.5238,693
2025-05-13,MSFT,0.066689,1.603871,0.05136,30.8386,-0.040472,0.3262,21.668,-8.7258,2.4832,732
2025-05-14,MSFT,0.079838,1.93104,0.05066,37.7227,-0.040472,0.3325,21.3553,-8.5975,2.4839,765
2025-05-15,MSFT,0.066028,1.335073,0.049562,26.5341,-0.040472,0.3301,20.6955,-8.6029,2.4056,807
2025-05-16,MSFT,0.057752,1.028777,0.048654,20.7339,-0.040472,0.3349,19.9665,-8.7069,2.2932,844
2025-05-19,MSFT,0.067526,1.190492,0.047965,24.4031,-0.040472,0.3348,19.9101,-8.5208,2.3366,887
2025-05-20,MSFT,0.062832,1.009748,0.04709,21.0182,-0.040472,0.3376,19.2536,-8.4694,2.2733,925
2025-05-21,MSFT,0.057982,0.854375,0.046441,17.9663,-0.040472,0.3402,18.8908,-8.5383,2.2125,959
2025-05-22,MSFT,0.065521,0.947163,0.046041,20.1377,-0.040472,0.3433,18.7483,-8.4793,2.2111,987
2025-05-23,MSFT,0.055334,0.720962,0.045179,15.5151,-0.040472,0.3371,18.5289,-8.3641,2.2153,1029
2025-05-27,MSFT,0.04723,0.564067,0.044935,12.1079,-0.040472,0.3309,18.5223,-8.31,2.2289,1079
2025-05-28,MSFT,0.033036,0.354388,0.044112,7.5804,-0.04731,0.327,18.2748,-8.3128,2.1984,1129
2025-05-29,MSFT,0.02757,0.27733,0.0434,5.9293,-0.049479,0.3295,17.6908,-8.2357,2.1481,1170
2025-05-30,MSFT,0.023238,0.220942,0.042817,4.6931,-0.053965,0.3317,17.2193,-8.1741,2.1066,1206
2025-06-02,MSFT,0.020102,0.18197,0.042249,3.8337,-0.058123,0.3365,16.6981,-8.1511,2.0486,1242
2025-06-03,MSFT,0.01395,0.119201,0.04166,2.3812,-0.062053,0.3364,16.322,-8.0605,2.0249,1281
2025-06-04,MSFT,0.013193,0.108729,0.041157,2.1559,-0.06538,0.3353,16.1016,-7.9275,2.0311,1318
2025-06-05,MSFT,0.00047,0.003591,0.040586,-0.4043,-0.074523,0.3305,15.9756,-7.8791,2.0276,1362
2025-06-06,MSFT,0.002772,0.020732,0.040278,0.0182,-0.074523,0.3319,15.8109,-7.8173,2.0225,1388
2025-06-09,MSFT,0.001067,0.007709,0.039684,-0.3097,-0.074523,0.3374,15.2625,-7.7571,1.9675,1432
2025-06-10,MSFT,-0.006047,-0.04157,0.039206,-1.5704,-0.081617,0.3329,15.1879,-7.6585,1.9831,1473
2025-06-11,MSFT,0.001936,0.01326,0.039219,-0.1719,-0.084436,0.3346,15.3458,-7.6925,1.9949,1498
2025-06-12,MSFT,0.007679,0.05204,0.038756,0.8267,-0.084436,0.3338,15.2644,-7.5502,2.0217,1540
2025-06-13,MSFT,0.010329,0.068656,0.038376,1.2679,-0.084436,0.3341,15.1799,-7.4913,2.0263,1580
2025-06-16,MSFT,0.001992,0.012618,0.038033,-0.1941,-0.084436,0.3325,15.0368,-7.4677,2.0136,1616
2025-06-17,MSFT,0.002005,0.012386,0.037681,-0.2021,-0.084436,0.3314,14.9693,-7.3957,2.0241,1651
2025-06-18,MSFT,0.000122,0.000734,0.037326,-0.5161,-0.084436,0.3318,14.7702,-7.3329,2.0142,1685
2025-06-20,MSFT,-0.005689,-0.032882,0.037011,-1.4288,-0.084436,0.3296,14.7245,-7.3024,2.0164,1721
2025-06-23,MSFT,0.005408,0.031373,0.037002,0.3074,-0.084436,0.3297,14.9379,-7.2868,2.05,1756
2025-06-24,MSFT,0.007229,0.041162,0.036671,0.5771,-0.084436,0.3269,14.91,-7.1627,2.0816,1792
2025-06-25,MSFT,-0.002883,-0.015693,0.03636,-0.9817,-0.084436,0.3267,14.7087,-7.1657,2.0526,1834
2025-06-26,MSFT,-0.010895,-0.057045,0.036181,-2.1295,-0.090193,0.3251,14.6707,-7.1772,2.0441,1872
2025-06-27,MSFT,-0.02182,-0.109366,0.035722,-3.6215,-0.095141,0.3207,14.5535,-7.084,2.0544,1930
2025-06-30,MSFT,-0.028935,-0.140155,0.035343,-4.5315,-0.101771,0.322,14.3097,-7.0721,2.0234,1979
2025-07-01,MSFT,-0.036459,-0.17071,0.035011,-5.4472,-0.108728,0.3212,14.1384,-7.0332,2.0102,2021
2025-07-02,MSFT,-0.036018,-0.165779,0.034773,-5.3427,-0.110042,0.322,14.0187,-6.9924,2.0049,2053
2025-07-03,MSFT,-0.030063,-0.137502,0.034698,-4.5392,-0.110042,0.3216,14.1026,-6.9588,2.0266,2078
2025-07-07,MSFT,-0.031534,-0.141313,0.034462,-4.6808,-0.110042,0.3205,14.0058,-6.8901,2.0327,2111
2025-07-08,MSFT,-0.040012,-0.173504,0.034188,-5.66,-0.112217,0.3196,13.8479,-6.8556,2.0199,2149
2025-07-09,MSFT,-0.032472,-0.140369,0.034046,-4.7104,-0.113452,0.3198,13.9015,-6.817,2.0392,2190
2025-07-10,MSFT,-0.038572,-0.162228,0.033736,-5.4016,-0.113452,0.3209,13.6417,-6.7748,2.0136,2233
2025-07-11,MSFT,-0.042467,-0.174571,0.033485,-5.8106,-0.116329,0.3214,13.4819,-6.7409,2.0,2272
2025-07-14,MSFT,-0.047634,-0.191077,0.033252,-6.3478,-0.11902,0.3208,13.3775,-6.7092,1.9939,2308
2025-07-15,MSFT,-0.046224,-0.183021,0.03304,-6.1446,-0.121002,0.321,13.3089,-6.665,1.9968,2347
2025-07-16,MSFT,-0.047502,-0.184867,0.032893,-6.2283,-0.121002,0.3211,13.2466,-6.6456,1.9933,2374
2025-07-17,MSFT,-0.051792,-0.19724,0.032718,-6.6398,-0.125416,0.3208,13.1815,-6.6326,1.9874,2413
2025-07-18,MSFT,-0.057923,-0.215353,0.032523,-7.2365,-0.130036,0.3197,13.1131,-6.6089,1.9842,2452
2025-04-21,BAC,-0.009749,-0.91531,0.02577,-36.2943,-0.012335,0.4118,11.0711,-14.249,0.777,35
2025-04-22,BAC,0.0415,166.91036,0.053628,3111.9859,-0.012335,0.5517,28.633,-13.9585,2.0513,61
2025-04-23,BAC,0.035155,17.215688,0.045433,378.4833,-0.016843,0.4681,25.2831,-12.8745,1.9638,99
2025-04-24,BAC,0.036697,8.684174,0.043145,200.8143,-0.029176,0.4531,24.1154,-12.9915,1.8562,135
2025-04-25,BAC,0.03332,4.217158,0.039482,106.3043,-0.029176,0.439,21.4079,-11.925,1.7952,171
2025-04-28,BAC,0.031213,2.636104,0.037771,69.2621,-0.029176,0.4059,20.8888,-10.8058,1.9331,202
2025-04-29,BAC,0.024232,1.367738,0.036171,37.2605,-0.029176,0.3793,20.7084,-10.4115,1.989,232
2025-04-30,BAC,0.020649,0.903721,0.036247,24.3804,-0.0437,0.3864,20.4178,-11.1562,1.8302,265
2025-05-01,BAC,0.004722,0.141001,0.03517,3.4404,-0.045747,0.3758,19.2456,-11.2502,1.7107,298
2025-05-02,BAC,0.000912,0.023229,0.033816,0.0955,-0.049366,0.3669,18.5933,-10.7169,1.735,337
2025-05-05,BAC,-0.009422,-0.194974,0.033841,-6.3525,-0.06112,0.3548,18.5735,-10.7389,1.7296,371
2025-05-06,BAC,-0.009332,-0.178729,0.033581,-5.9179,-0.071884,0.3529,18.6932,-10.6676,1.7523,405
2025-05-07,BAC,-0.032942,-0.477603,0.03284,-15.1525,-0.081519,0.3482,17.6932,-10.9567,1.6148,447
2025-05-08,BAC,-0.017545,-0.27284,0.034598,-8.4642,-0.081519,0.3487,18.8702,-10.8593,1.7377,474
2025-05-09,BAC,-0.028349,-0.383159,0.033708,-11.9605,-0.081519,0.3438,18.1247,-10.6188,1.7068,508
2025-05-12,BAC,-0.014899,-0.210558,0.034099,-6.7615,-0.081519,0.3369,18.7946,-10.0866,1.8633,552
2025-05-13,BAC,0.004589,0.070223,0.034634,1.4501,-0.081519,0.3493,18.8233,-9.9441,1.8929,579
2025-05-14,BAC,0.001389,0.01963,0.033667,-0.011,-0.081519,0.3419,18.3622,-9.4927,1.9344,618
2025-05-15,BAC,-0.010966,-0.136054,0.033069,-4.719,-0.081519,0.3313,18.356,-9.4246,1.9477,656
2025-05-16,BAC,-0.000756,-0.009484,0.033291,-0.8856,-0.081519,0.3372,18.4491,-9.4069,1.9612,686
2025-05-19,BAC,0.01506,0.196464,0.034603,5.0996,-0.081519,0.3479,18.3375,-9.3633,1.9584,723
2025-05-20,BAC,0.007998,0.09554,0.034042,2.219,-0.081519,0.3429,18.1324,-9.2511,1.96,757
2025-05-21,BAC,-0.013135,-0.13486,0.033498,-4.623,-0.081519,0.3383,17.6513,-9.3579,1.8862,793
2025-05-22,BAC,-0.01655,-0.160737,0.03298,-5.4802,-0.081519,0.3413,17.2341,-9.3342,1.8463,830
2025-05-23,BAC,-0.002755,-0.027427,0.034091,-1.3912,-0.081519,0.3395,17.7188,-9.1714,1.932,864
2025-05-27,BAC,-0.002249,-0.021583,0.033837,-1.2289,-0.081519,0.3407,17.6285,-9.1604,1.9244,901
2025-05-28,BAC,0.00307,0.029021,0.033732,0.2674,-0.081519,0.3362,17.8429,-8.9702,1.9891,938
2025-05-29,BAC,-0.035385,-0.276918,0.033911,-8.7557,-0.087043,0.3333,17.4067,-9.4226,1.8473,982
2025-05-30,BAC,-0.042093,-0.311815,0.03349,-9.9078,-0.09021,0.3314,17.2034,-9.3446,1.841,1022
2025-06-02,BAC,-0.042436,-0.305277,0.033136,-9.8165,-0.095478,0.3377,16.7481,-9.347,1.7918,1058
2025-06-03,BAC,-0.040946,-0.28813,0.032728,-9.4149,-0.095478,0.3382,16.5287,-9.1959,1.7974,1101
2025-06-04,BAC,-0.04029,-0.276646,0.032366,-9.1653,-0.095478,0.3369,16.3435,-9.0165,1.8126,1134
2025-06-05,BAC,-0.051852,-0.334086,0.032079,-11.0378,-0.101296,0.3367,16.0527,-9.0362,1.7765,1175
2025-06-06,BAC,-0.043182,-0.279038,0.032292,-9.2605,-0.101704,0.3355,16.1994,-8.8964,1.8209,1207
2025-06-09,BAC,-0.042615,-0.269157,0.032109,-9.0056,-0.101704,0.3366,16.0852,-8.8572,1.8161,1227
2025-06-10,BAC,-0.050316,-0.303288,0.03176,-10.1791,-0.101704,0.3339,15.9022,-8.7668,1.8139,1260
2025-06-11,BAC,-0.048344,-0.286441,0.031581,-9.7033,-0.101704,0.3349,15.8755,-8.7446,1.8155,1286
2025-06-12,BAC,-0.048255,-0.279627,0.031275,-9.5803,-0.101704,0.3343,15.6676,-8.5971,1.8224,1322
2025-06-13,BAC,-0.05656,-0.313539,0.031584,-10.5603,-0.109509,0.3314,15.841,-8.6812,1.8247,1355
2025-06-16,BAC,-0.052289,-0.287051,0.031527,-9.7393,-0.109509,0.3285,15.9641,-8.5613,1.8647,1380
2025-06-17,BAC,-0.059998,-0.31634,0.031322,-10.7381,-0.109509,0.3291,15.7439,-8.5649,1.8382,1414
2025-06-18,BAC,-0.058979,-0.305623,0.031177,-10.4444,-0.111604,0.3292,15.6227,-8.4716,1.8441,1453
2025-06-20,BAC,-0.059747,-0.303051,0.031075,-10.396,-0.111604,0.3307,15.528,-8.4674,1.8338,1489
2025-06-23,BAC,-0.045298,-0.233174,0.031347,-8.0764,-0.111658,0.3342,15.6733,-8.4645,1.8517,1514
2025-06-24,BAC,-0.044507,-0.225048,0.031189,-7.8569,-0.111658,0.3303,15.7542,-8.3408,1.8888,1548
2025-06-25,BAC,-0.048609,-0.238895,0.030981,-8.3565,-0.111658,0.3296,15.6616,-8.3066,1.8854,1583
2025-06-26,BAC,-0.044753,-0.217678,0.030758,-7.7273,-0.111658,0.3305,15.5294,-8.2124,1.891,1619
2025-06-27,BAC,-0.033555,-0.164052,0.030902,-5.956,-0.111658,0.3297,15.7085,-8.129,1.9324,1652
2025-06-30,BAC,-0.036369,-0.173477,0.030708,-6.3004,-0.111658,0.3294,15.6083,-8.0936,1.9285,1682
2025-07-01,BAC,-0.025468,-0.121924,0.030645,-4.6313,-0.111658,0.3306,15.6847,-8.0415,1.9505,1711
2025-07-02,BAC,-0.016565,-0.079221,0.030649,-3.2373,-0.111658,0.3345,15.6657,-8.0634,1.9428,1737
2025-07-03,BAC,-0.019141,-0.089406,0.030659,-3.5685,-0.111658,0.3352,15.6674,-8.1178,1.93,1760
2025-07-07,BAC,-0.026762,-0.121006,0.030505,-4.6224,-0.111658,0.3326,15.6633,-8.1029,1.933,1794
2025-07-08,BAC,-0.038394,-0.166984,0.030175,-6.1967,-0.111658,0.3326,15.3587,-8.0699,1.9032,1846
2025-07-09,BAC,-0.041192,-0.175298,0.029971,-6.5163,-0.111658,0.334,15.1793,-8.0526,1.885,1883
2025-07-10,BAC,-0.043065,-0.179704,0.029792,-6.7033,-0.111658,0.3333,15.1116,-8.0072,1.8872,1915
2025-07-11,BAC,-0.04733,-0.192944,0.029606,-7.1926,-0.111658,0.333,14.9557,-7.9525,1.8806,1946
2025-07-14,BAC,-0.057663,-0.227445,0.029337,-8.4345,-0.111658,0.3313,14.8045,-7.9128,1.871,1991
2025-07-15,BAC,-0.068396,-0.261107,0.029137,-9.6476,-0.115192,0.3307,14.6693,-7.9189,1.8524,2033
2025-07-16,BAC,-0.104192,-0.370056,0.029826,-13.0779,-0.150281,0.3263,14.7883,-8.1498,1.8146,2088
2025-07-17,BAC,-0.102485,-0.360252,0.029875,-12.7281,-0.154887,0.3277,14.8543,-8.1968,1.8122,2123
2025-07-18,BAC,-0.114882,-0.391043,0.029658,-13.8595,-0.159342,0.3262,14.7026,-8.17,1.7996,2163
2025-04-21,AAPL,0.00129,0.383956,0.038233,9.5194,-0.012362,0.2857,26.2361,-9.921,2.6445,41
2025-04-22,AAPL,0.063456,2325.196337,0.063402,36673.2866,-0.012362,0.381,42.4054,-9.825,4.3161,79
2025-04-23,AAPL,0.038598,23.075733,0.050238,458.931,-0.025072,0.3288,32.3314,-10.5844,3.0546,143
2025-04-24,AAPL,0.034044,7.240362,0.044324,162.8997,-0.030682,0.3113,28.3872,-9.7236,2.9194,206
2025-04-25,AAPL,0.027902,3.002856,0.042795,69.7003,-0.040291,0.3053,27.5207,-10.0529,2.7376,255
2025-04-28,AAPL,0.023677,1.672068,0.040336,40.9576,-0.043849,0.3182,24.6725,-10.0105,2.4647,302
2025-04-29,AAPL,0.011448,0.50651,0.038477,12.6443,-0.049633,0.3073,23.9101,-9.9898,2.3935,355
2025-04-30,AAPL,0.006523,0.227277,0.03764,5.5068,-0.054262,0.3069,23.4982,-10.0958,2.3275,400
2025-05-01,AAPL,0.001971,0.056677,0.037324,0.9827,-0.061515,0.3084,22.9344,-10.1418,2.2614,450
2025-05-02,AAPL,-0.009505,-0.213907,0.036556,-6.3986,-0.072169,0.3164,21.6023,-10.3609,2.085,511
2025-05-05,AAPL,-0.020894,-0.383527,0.035158,-11.4776,-0.080057,0.3226,19.8313,-10.1805,1.948,560
2025-05-06,AAPL,-0.020402,-0.351363,0.034088,-10.8942,-0.08403,0.3205,19.0004,-9.604,1.9784,620
2025-05-07,AAPL,-0.02401,-0.375685,0.033069,-11.9653,-0.086595,0.3255,18.0652,-9.4144,1.9189,677
2025-05-08,AAPL,0.000686,0.012424,0.033865,-0.2237,-0.086595,0.3306,18.5217,-9.1277,2.0292,721
2025-05-09,AAPL,-0.003248,-0.053182,0.032838,-2.2286,-0.086595,0.335,17.3884,-8.8432,1.9663,779
2025-05-12,AAPL,0.051687,1.211615,0.047072,25.3146,-0.086595,0.3389,19.9127,-8.9711,2.2196,834
2025-05-13,AAPL,0.049213,1.038327,0.046204,22.0399,-0.086595,0.3416,19.5977,-9.047,2.1662,880
2025-05-14,AAPL,0.030956,0.53237,0.044645,11.4766,-0.086595,0.3285,19.1674,-8.737,2.1938,949
2025-05-15,AAPL,0.044812,0.788563,0.044188,17.3932,-0.086595,0.3333,19.1781,-8.6946,2.2057,987
2025-05-16,AAPL,0.036359,0.568293,0.043143,12.7086,-0.086595,0.3251,18.9834,-8.4671,2.242,1042
2025-05-19,AAPL,0.042628,0.650268,0.042507,14.8273,-0.086595,0.3291,18.6531,-8.3846,2.2247,1090
2025-05-20,AAPL,0.041408,0.591615,0.04179,13.6782,-0.086595,0.3275,18.4266,-8.2545,2.2323,1131
2025-05-21,AAPL,0.027196,0.341771,0.040996,7.8489,-0.086595,0.3222,18.2123,-8.211,2.218,1185
2025-05-22,AAPL,0.025266,0.299526,0.04034,6.9292,-0.086595,0.3269,17.7281,-8.2098,2.1594,1235
2025-05-23,AAPL,-0.012336,-0.117607,0.039952,-3.4443,-0.086595,0.3216,17.3914,-8.4299,2.0631,1297
2025-05-27,AAPL,0.003543,0.034872,0.040276,0.3693,-0.086595,0.3211,17.6649,-8.3045,2.1271,1354
2025-05-28,AAPL,0.015336,0.152637,0.040609,3.2662,-0.086595,0.3206,17.8876,-8.2292,2.1737,1411
2025-05-29,AAPL,0.003773,0.034476,0.039958,0.3623,-0.086595,0.3197,17.4715,-8.1613,2.1408,1464
2025-05-30,AAPL,0.00077,0.006711,0.039302,-0.3381,-0.086595,0.3207,17.1725,-8.0966,2.121,1525
2025-06-02,AAPL,-0.01541,-0.122302,0.038865,-3.6615,-0.086595,0.3174,16.9924,-8.0916,2.1,1588
2025-06-03,AAPL,-0.020311,-0.153641,0.03836,-4.5266,-0.086595,0.318,16.7275,-8.0392,2.0807,1643
2025-06-04,AAPL,-0.030905,-0.219031,0.038383,-6.2276,-0.089429,0.3158,16.767,-8.0908,2.0724,1705
2025-06-05,AAPL,-0.023719,-0.16749,0.038259,-4.9005,-0.089429,0.3151,16.9355,-8.0539,2.1028,1747
2025-06-06,AAPL,-0.002471,-0.018173,0.038306,-0.9965,-0.089429,0.3141,17.2718,-7.9359,2.1764,1796
2025-06-09,AAPL,-0.013986,-0.096435,0.037764,-3.0832,-0.089429,0.3116,17.0628,-7.8671,2.1689,1861
2025-06-10,AAPL,-0.02228,-0.145912,0.037329,-4.4445,-0.089429,0.3101,16.8839,-7.8129,2.161,1917
2025-06-11,AAPL,-0.034468,-0.212502,0.036992,-6.2852,-0.094442,0.3097,16.6665,-7.8148,2.1327,1970
2025-06-12,AAPL,-0.035339,-0.212263,0.03653,-6.3581,-0.094442,0.3103,16.3881,-7.7112,2.1252,2025
2025-06-13,AAPL,-0.038496,-0.224042,0.036365,-6.7108,-0.102209,0.3096,16.3772,-7.7021,2.1263,2074
2025-06-16,AAPL,-0.042782,-0.24078,0.035942,-7.2555,-0.102209,0.3096,16.1284,-7.619,2.1169,2128
2025-06-17,AAPL,-0.052923,-0.284096,0.035509,-8.564,-0.110118,0.3047,16.0523,-7.4991,2.1406,2187
2025-06-18,AAPL,-0.047087,-0.251278,0.03532,-7.6805,-0.110118,0.3063,15.9532,-7.4464,2.1424,2230
2025-06-20,AAPL,-0.021995,-0.122205,0.035406,-4.0164,-0.110118,0.3078,16.2134,-7.3929,2.1931,2279
2025-06-23,AAPL,-0.026435,-0.142246,0.035125,-4.619,-0.110118,0.3062,16.147,-7.3415,2.1994,2337
2025-06-24,AAPL,-0.02259,-0.120109,0.034914,-4.013,-0.110118,0.3071,16.0622,-7.2977,2.201,2385
2025-06-25,AAPL,-0.028126,-0.144688,0.034659,-4.7516,-0.110118,0.3061,15.895,-7.2297,2.1986,2437
2025-06-26,AAPL,-0.021316,-0.109103,0.034392,-3.7539,-0.110118,0.3087,15.6862,-7.1688,2.1881,2487
2025-06-27,AAPL,-0.023198,-0.115935,0.034066,-3.9903,-0.110118,0.307,15.599,-7.0826,2.2024,2544
2025-06-30,AAPL,0.000177,0.000913,0.035223,-0.5419,-0.110118,0.31,15.7405,-7.0715,2.2259,2596
2025-07-01,AAPL,0.011695,0.060352,0.035134,1.1485,-0.110118,0.3107,15.8841,-7.0764,2.2446,2648
2025-07-02,AAPL,0.005089,0.025399,0.034981,0.1544,-0.110118,0.3107,15.8467,-7.1077,2.2295,2705
2025-07-03,AAPL,0.016063,0.080283,0.034845,1.73,-0.110118,0.3142,15.7058,-7.0821,2.2177,2741
2025-07-07,AAPL,0.006618,0.031862,0.034601,0.3428,-0.110118,0.3119,15.6884,-7.0668,2.22,2791
2025-07-08,AAPL,0.012745,0.06088,0.034447,1.1868,-0.110118,0.3117,15.7038,-7.0256,2.2352,2850
2025-07-09,AAPL,0.012343,0.057819,0.034234,1.1047,-0.110118,0.3098,15.6929,-6.964,2.2534,2902
2025-07-10,AAPL,0.017239,0.079948,0.034038,1.7612,-0.110118,0.3113,15.5547,-6.9208,2.2475,2947
2025-07-11,AAPL,0.010137,0.045601,0.03381,0.7572,-0.110118,0.3102,15.4883,-6.9012,2.2443,3004
2025-07-14,AAPL,0.002409,0.01051,0.033485,-0.2834,-0.110118,0.3102,15.219,-6.8293,2.2285,3064
2025-07-15,AAPL,-0.005034,-0.021325,0.033249,-1.2429,-0.110118,0.3074,15.2388,-6.7925,2.2435,3135
2025-07-16,AAPL,-0.002014,-0.008431,0.033058,-0.86,-0.110118,0.3098,15.0704,-6.7761,2.224,3181
2025-07-17,AAPL,-0.001505,-0.006203,0.032878,-0.797,-0.110118,0.3101,15.0101,-6.7568,2.2215,3230
2025-07-18,AAPL,-0.012482,-0.049773,0.032681,-2.1349,-0.110118,0.3103,14.8622,-6.7586,2.199,3281
2025-04-21,META,-0.002286,-0.438322,0.013802,-33.2058,-0.005404,0.4091,7.6372,-6.4598,1.1823,45
2025-04-22,META,0.069563,4785.294145,0.060266,79402.7538,-0.006018,0.4634,33.6207,-7.9564,4.2256,77
2025-04-23,META,0.04007,26.117811,0.053933,483.8953,-0.036132,0.4,27.8213,-12.1872,2.2828,131
2025-04-24,META,0.081473,137.987836,0.060578,2277.5385,-0.043252,0.4194,31.6418,-12.7941,2.4732,177
2025-04-25,META,0.065833,23.861453,0.056308,423.4103,-0.043252,0.3932,29.6623,-13.0363,2.2754,223
2025-04-28,META,0.060279,10.685574,0.053493,199.3841,-0.043252,0.3897,27.8591,-12.9479,2.1516,261
2025-04-29,META,0.06879,9.968007,0.050652,196.3979,-0.043252,0.375,27.3214,-11.8068,2.314,306
2025-04-30,META,0.120523,35.037379,0.075352,464.7189,-0.043252,0.3804,32.9363,-13.1759,2.4997,354
2025-05-01,META,0.100489,13.601607,0.071308,190.465,-0.043252,0.3821,30.3188,-13.6328,2.224,408
2025-05-02,META,0.126778,19.245286,0.069119,278.1496,-0.043252,0.3966,29.3292,-13.369,2.1938,456
2025-05-05,META,0.12238,13.081899,0.066699,195.8329,-0.043252,0.3977,28.1282,-13.3419,2.1083,500
2025-05-06,META,0.095696,5.815456,0.064112,90.3951,-0.043252,0.3754,27.9516,-13.2182,2.1146,551
2025-05-07,META,0.074496,3.02616,0.062113,48.3984,-0.053177,0.3686,26.9333,-13.2015,2.0402,599
2025-05-08,META,0.077508,2.833256,0.061437,45.7911,-0.053177,0.3604,27.4502,-13.039,2.1052,641
2025-05-09,META,0.069621,2.097858,0.060065,34.5936,-0.056392,0.3577,26.7838,-12.8834,2.0789,682
2025-05-12,META,0.078625,2.293883,0.059749,38.0574,-0.061244,0.3634,26.4335,-12.9675,2.0385,745
2025-05-13,META,0.077033,2.004343,0.058891,33.695,-0.061244,0.3648,26.0619,-12.9592,2.0111,775
2025-05-14,META,0.078508,1.880908,0.057515,32.355,-0.061244,0.3656,25.3233,-12.6458,2.0025,817
2025-05-15,META,0.067591,1.38089,0.056356,24.1479,-0.061244,0.3685,24.4628,-12.6737,1.9302,859
2025-05-16,META,0.064928,1.20921,0.0555,21.4273,-0.068609,0.367,24.2964,-12.6164,1.9258,900
2025-05-19,META,0.079064,1.492098,0.055126,26.7042,-0.068609,0.3649,24.4735,-12.353,1.9812,939
2025-05-20,META,0.070596,1.18447,0.054235,21.471,-0.068609,0.3598,24.1124,-12.0923,1.994,973
2025-05-21,META,0.069234,1.082267,0.053597,19.8195,-0.068609,0.3558,24.2037,-11.9884,2.0189,1007
2025-05-22,META,0.086734,1.394936,0.053233,25.8286,-0.068609,0.3596,24.2554,-11.9264,2.0338,1035
2025-05-23,META,0.078274,1.137525,0.052455,21.3046,-0.068609,0.3561,23.9337,-11.7795,2.0318,1074
2025-05-27,META,0.074572,1.007912,0.051673,19.1186,-0.068609,0.3495,23.8979,-11.5165,2.0751,1115
2025-05-28,META,0.072179,0.916433,0.050947,17.5955,-0.068609,0.3484,23.5604,-11.3609,2.0738,1153
2025-05-29,META,0.066994,0.792499,0.050348,15.3432,-0.068609,0.3468,23.4179,-11.3271,2.0674,1192
2025-05-30,META,0.069215,0.788818,0.049988,15.38,-0.068609,0.3443,23.5915,-11.2832,2.0908,1230
2025-06-02,META,0.105918,1.329552,0.049955,26.2148,-0.068609,0.3487,24.0409,-11.2056,2.1454,1261
2025-06-03,META,0.091312,1.034645,0.049379,20.548,-0.068609,0.3507,23.3807,-11.2336,2.0813,1302
2025-06-04,META,0.107443,1.233734,0.049163,24.6881,-0.068609,0.3507,23.5058,-11.0985,2.1179,1335
2025-06-05,META,0.101266,1.088834,0.048675,21.9584,-0.068609,0.3576,22.662,-11.1434,2.0337,1371
2025-06-06,META,0.120363,1.321852,0.048485,26.8506,-0.068609,0.3602,22.647,-11.0371,2.0519,1405
2025-06-09,META,0.115628,1.198568,0.047958,24.5748,-0.068609,0.3612,22.1335,-10.9136,2.0281,1439
2025-06-10,META,0.109992,1.076053,0.047521,22.223,-0.068609,0.3609,21.943,-10.9086,2.0115,1476
2025-06-11,META,0.084459,0.737117,0.04703,15.248,-0.068609,0.3544,21.7943,-10.8616,2.0065,1514
2025-06-12,META,0.064545,0.514054,0.046549,10.6137,-0.068609,0.3514,21.6225,-10.8972,1.9842,1558
2025-06-13,META,0.066317,0.514216,0.046323,10.6688,-0.068609,0.353,21.4916,-10.903,1.9712,1590
2025-06-16,META,0.084579,0.667801,0.046521,13.9251,-0.068609,0.3533,21.7929,-10.8817,2.0027,1630
2025-06-17,META,0.079173,0.597313,0.046044,12.5384,-0.068609,0.3509,21.6511,-10.773,2.0098,1675
2025-06-18,META,0.071327,0.511935,0.045657,10.7746,-0.068609,0.3483,21.5263,-10.6858,2.0145,1709
2025-06-20,META,0.072157,0.504275,0.045236,10.7055,-0.068609,0.3498,21.2483,-10.6191,2.0009,1747
2025-06-23,META,0.093095,0.66496,0.045062,14.3128,-0.068609,0.3516,21.3713,-10.5602,2.0238,1783
2025-06-24,META,0.097209,0.681205,0.044752,14.7749,-0.068609,0.3562,20.9623,-10.5355,1.9897,1817
2025-06-25,META,0.091764,0.617627,0.044474,13.4376,-0.068609,0.3558,20.8499,-10.531,1.9799,1847
2025-06-26,META,0.11241,0.770351,0.044303,16.9369,-0.068609,0.3591,20.8297,-10.4817,1.9872,1882
2025-06-27,META,0.112182,0.747523,0.043897,16.5732,-0.068609,0.3599,20.6099,-10.4241,1.9771,1923
2025-06-30,META,0.130518,0.879306,0.044175,19.4525,-0.068609,0.3578,20.9677,-10.3559,2.0247,1957
2025-07-01,META,0.122366,0.78928,0.043902,17.5228,-0.068609,0.3584,20.7321,-10.3552,2.0021,1988
2025-07-02,META,0.111824,0.688389,0.043567,15.3415,-0.068609,0.3564,20.5611,-10.2879,1.9986,2021
2025-07-03,META,0.107342,0.639064,0.043362,14.2765,-0.068609,0.3579,20.4048,-10.3339,1.9745,2053
2025-07-07,META,0.097337,0.55527,0.043164,12.401,-0.068609,0.3572,20.3053,-10.3569,1.9606,2087
2025-07-08,META,0.098383,0.549475,0.042957,12.3256,-0.068609,0.359,20.1499,-10.3577,1.9454,2119
2025-07-09,META,0.101979,0.560379,0.042876,12.6034,-0.068609,0.3611,19.9859,-10.3523,1.9306,2162
2025-07-10,META,0.099449,0.532103,0.042637,12.0109,-0.068609,0.3629,19.728,-10.3328,1.9093,2195
2025-07-11,META,0.089437,0.460402,0.042457,10.3728,-0.068609,0.3661,19.3649,-10.3805,1.8655,2226
2025-07-14,META,0.085321,0.427228,0.042177,9.6552,-0.068609,0.3684,19.0517,-10.354,1.84,2262
2025-07-15,META,0.077317,0.374504,0.041945,8.4517,-0.068609,0.3682,18.9182,-10.3468,1.8284,2297
2025-07-16,META,0.077798,0.369797,0.041638,8.4008,-0.068609,0.3682,18.7691,-10.2664,1.8282,2335
2025-07-17,META,0.068903,0.316888,0.0414,7.1712,-0.068609,0.366,18.755,-10.2464,1.8304,2371
2025-07-18,META,0.069518,0.314123,0.041214,7.1365,-0.068609,0.3656,18.7165,-10.2061,1.8339,2404
2025-04-21,JNJ,0.002615,0.930915,0.010562,86.245,-0.000661,0.5,6.195,-1.8375,3.3714,15
2025-04-22,JNJ,0.007884,1.69001,0.024264,68.8254,-0.005103,0.4348,13.083,-6.0205,2.1731,43
2025-04-23,JNJ,-0.00425,-0.300758,0.031734,-10.1078,-0.018482,0.4412,10.5946,-9.8554,1.075,64
2025-04-24,JNJ,-0.012747,-0.554363,0.030728,-18.6918,-0.029316,0.3878,11.4987,-10.1153,1.1368,94
2025-04-25,JNJ,-0.0128,-0.477573,0.030336,-16.4021,-0.031505,0.3898,12.0768,-10.0861,1.1974,114
2025-04-28,JNJ,-0.014516,-0.458905,0.027856,-17.1921,-0.031505,0.3889,10.8797,-9.1229,1.1926,140
2025-04-29,JNJ,-0.014942,-0.418393,0.027011,-16.2299,-0.031791,0.381,11.1616,-8.7843,1.2706,164
2025-04-30,JNJ,-0.022841,-0.517041,0.025633,-20.9511,-0.035189,0.3434,11.0671,-8.1316,1.361,192
2025-05-01,JNJ,-0.034446,-0.625244,0.0261,-24.7223,-0.04709,0.3246,11.255,-8.3906,1.3414,223
2025-05-02,JNJ,-0.025939,-0.484331,0.025287,-19.9443,-0.04709,0.375,10.2091,-8.287,1.2319,252
2025-05-05,JNJ,-0.035153,-0.559488,0.025721,-22.5296,-0.048052,0.3714,9.7953,-8.4513,1.159,276
2025-05-06,JNJ,-0.033015,-0.505902,0.026199,-20.0737,-0.048052,0.3775,10.1913,-8.5213,1.196,298
2025-05-07,JNJ,-0.038553,-0.533329,0.026107,-21.1945,-0.050703,0.3772,10.3837,-8.7615,1.1852,330
2025-05-08,JNJ,-0.045333,-0.566151,0.025613,-22.8852,-0.057396,0.3722,10.1966,-8.7203,1.1693,356
2025-05-09,JNJ,-0.05075,-0.583135,0.024859,-24.2627,-0.062745,0.3604,9.8362,-8.2278,1.1955,383
2025-05-12,JNJ,-0.064828,-0.652028,0.029841,-22.5204,-0.086245,0.3548,10.6544,-8.947,1.1908,419
2025-05-13,JNJ,-0.081637,-0.717027,0.029836,-24.7028,-0.097383,0.3418,10.6051,-8.9952,1.179,451
2025-05-14,JNJ,-0.092187,-0.741804,0.029114,-26.1659,-0.103659,0.3333,10.4411,-8.8788,1.176,482
2025-05-15,JNJ,-0.08114,-0.674487,0.029876,-23.2455,-0.103659,0.3358,10.8863,-8.5433,1.2743,511
2025-05-16,JNJ,-0.078778,-0.644374,0.029552,-22.4815,-0.103659,0.3322,10.9805,-8.2112,1.3373,542
2025-05-19,JNJ,-0.079388,-0.629387,0.028932,-22.4449,-0.103659,0.3311,10.7833,-7.984,1.3506,568
2025-05-20,JNJ,-0.080959,-0.619793,0.028575,-22.3898,-0.103659,0.3355,10.6288,-7.986,1.3309,593
2025-05-21,JNJ,-0.08642,-0.628532,0.028016,-23.1489,-0.103659,0.3262,10.6435,-7.7824,1.3676,622
2025-05-22,JNJ,-0.08174,-0.591547,0.028116,-21.7509,-0.103659,0.3293,10.8761,-7.7737,1.3991,640
2025-05-23,JNJ,-0.090006,-0.613537,0.02756,-22.9879,-0.103659,0.3229,10.7565,-7.6604,1.4042,672
2025-05-27,JNJ,-0.085684,-0.580306,0.027305,-21.985,-0.103874,0.3296,10.7027,-7.6233,1.4039,694
2025-05-28,JNJ,-0.088917,-0.580684,0.026922,-22.312,-0.103874,0.3271,10.6369,-7.5318,1.4123,719
2025-05-29,JNJ,-0.093726,-0.587582,0.027563,-22.0438,-0.109325,0.3256,10.83,-7.6223,1.4208,744
2025-05-30,JNJ,-0.089307,-0.556434,0.027889,-20.6686,-0.109325,0.3242,11.2288,-7.5835,1.4807,773
2025-06-02,JNJ,-0.088831,-0.542247,0.028268,-19.8896,-0.111349,0.3293,11.3772,-7.7238,1.473,797
2025-06-03,JNJ,-0.095789,-0.558923,0.027746,-20.8653,-0.111349,0.3233,11.2148,-7.5514,1.4851,831
2025-06-04,JNJ,-0.110442,-0.602126,0.027496,-22.6256,-0.121683,0.3206,10.9978,-7.6204,1.4432,862
2025-06-05,JNJ,-0.113158,-0.600299,0.027467,-22.5837,-0.126186,0.3195,11.1219,-7.6469,1.4544,885
2025-06-06,JNJ,-0.105,-0.560536,0.027746,-20.9234,-0.126186,0.3199,11.2972,-7.4949,1.5073,915
2025-06-09,JNJ,-0.109342,-0.56557,0.027504,-21.2907,-0.126186,0.321,11.175,-7.4917,1.4917,944
2025-06-10,JNJ,-0.108083,-0.550973,0.027299,-20.9158,-0.126186,0.3234,11.1827,-7.4694,1.4971,975
2025-06-11,JNJ,-0.119386,-0.579326,0.027158,-22.068,-0.130514,0.321,11.0386,-7.4994,1.4719,1001
2025-06-12,JNJ,-0.1187,-0.567404,0.026865,-21.8648,-0.132706,0.3226,10.9008,-7.4075,1.4716,1027
2025-06-13,JNJ,-0.131464,-0.597771,0.027101,-22.795,-0.14244,0.3198,10.8314,-7.4736,1.4493,1055
2025-06-16,JNJ,-0.136945,-0.604594,0.026921,-23.2012,-0.150669,0.3201,10.7171,-7.4731,1.4341,1079
2025-06-17,JNJ,-0.153717,-0.641504,0.02687,-24.619,-0.164412,0.3111,10.7171,-7.4534,1.4379,1109
2025-06-18,JNJ,-0.159903,-0.64846,0.02672,-25.0176,-0.17052,0.3103,10.6354,-7.451,1.4274,1132
2025-06-20,JNJ,-0.16689,-0.657013,0.026547,-25.5026,-0.180459,0.3092,10.548,-7.4293,1.4198,1161
2025-06-23,JNJ,-0.159992,-0.631574,0.026476,-24.6102,-0.180459,0.3114,10.5991,-7.3441,1.4432,1183
2025-06-24,JNJ,-0.156975,-0.615667,0.026253,-24.2135,-0.180459,0.3156,10.4407,-7.2774,1.4347,1210
2025-06-25,JNJ,-0.153356,-0.598276,0.026116,-23.674,-0.180459,0.3206,10.2972,-7.2486,1.4206,1228
2025-06-26,JNJ,-0.153434,-0.590608,0.025923,-23.5546,-0.180459,0.3224,10.2122,-7.2111,1.4162,1253
2025-06-27,JNJ,-0.153761,-0.583765,0.025823,-23.3812,-0.180459,0.3236,10.1889,-7.1994,1.4152,1273
2025-06-30,JNJ,-0.15269,-0.573486,0.025711,-23.0828,-0.180459,0.3268,10.0936,-7.1773,1.4063,1296
2025-07-01,JNJ,-0.130954,-0.507081,0.027555,-19.1285,-0.180459,0.3309,10.6158,-7.1848,1.4775,1319
2025-07-02,JNJ,-0.134543,-0.510311,0.027407,-19.3495,-0.180459,0.3309,10.5705,-7.1818,1.4718,1345
2025-07-03,JNJ,-0.137092,-0.510588,0.027458,-19.3239,-0.180459,0.3329,10.5292,-7.2272,1.4569,1358
2025-07-07,JNJ,-0.141269,-0.515258,0.027241,-19.6494,-0.180459,0.33,10.4566,-7.1339,1.4657,1383
2025-07-08,JNJ,-0.136494,-0.495835,0.027057,-19.0645,-0.180459,0.332,10.4003,-7.0518,1.4748,1411
2025-07-09,JNJ,-0.140865,-0.501251,0.026832,-19.4268,-0.180459,0.3329,10.2383,-7.0214,1.4582,1439
2025-07-10,JNJ,-0.132595,-0.472771,0.027039,-18.2242,-0.180459,0.336,10.282,-6.978,1.4735,1465
2025-07-11,JNJ,-0.131089,-0.462712,0.027087,-17.8209,-0.180459,0.336,10.367,-6.9792,1.4854,1483
2025-07-14,JNJ,-0.136799,-0.472262,0.026959,-18.2596,-0.180459,0.3351,10.3605,-6.9949,1.4812,1511
2025-07-15,JNJ,-0.150442,-0.50161,0.026776,-19.4802,-0.180459,0.3304,10.3432,-6.9991,1.4778,1545
2025-07-16,JNJ,-0.109608,-0.385896,0.028975,-14.0086,-0.180459,0.3329,11.3021,-7.0013,1.6143,1574
2025-07-17,JNJ,-0.11256,-0.389403,0.028805,-14.2127,-0.180459,0.3325,11.262,-6.9798,1.6135,1602
2025-07-18,JNJ,-0.111156,-0.380558,0.028656,-13.9781,-0.180459,0.3325,11.2397,-6.9324,1.6213,1625
2025-04-21,IWM,-0.009094,-0.89995,0.01733,-53.0828,-0.01336,0.3,7.8883,-7.711,1.023,41
2025-04-22,IWM,0.032827,57.543417,0.041316,1392.2868,-0.01336,0.3953,25.3629,-8.1663,3.1058,85
2025-04-23,IWM,0.035762,18.135333,0.037969,477.1054,-0.01336,0.4179,21.237,-9.1339,2.3251,131
2025-04-24,IWM,0.040898,11.494236,0.03531,324.9617,-0.014815,0.4157,19.9085,-8.9224,2.2313,176
2025-04-25,IWM,0.038379,5.673198,0.031669,178.5108,-0.014815,0.4035,17.3145,-7.9501,2.1779,226
2025-04-28,IWM,0.051311,7.17928,0.031741,225.5522,-0.014815,0.4077,17.7024,-7.7422,2.2865,259
2025-04-29,IWM,0.057757,6.549077,0.030655,212.9836,-0.014815,0.3885,17.6658,-7.2142,2.4487,306
2025-04-30,IWM,0.058795,5.047395,0.029463,170.6358,-0.014815,0.388,16.7942,-7.1466,2.3499,355
2025-05-01,IWM,0.067327,5.199189,0.028713,180.3788,-0.014815,0.4049,15.8857,-7.1284,2.2285,399
2025-05-02,IWM,0.079412,5.859882,0.02918,200.1308,-0.014815,0.4017,16.2515,-7.0491,2.3055,448
2025-05-05,IWM,0.077463,4.524741,0.028008,160.8363,-0.014815,0.4008,15.3197,-6.8269,2.244,494
2025-05-06,IWM,0.074634,3.533927,0.027633,127.1636,-0.014815,0.3899,15.4484,-6.9282,2.2298,545
2025-05-07,IWM,0.061754,2.194949,0.026672,81.5447,-0.02172,0.3717,15.0437,-6.7447,2.2304,596
2025-05-08,IWM,0.06834,2.286763,0.027208,83.3127,-0.024916,0.3681,15.4655,-6.7974,2.2752,641
2025-05-09,IWM,0.062478,1.768036,0.026695,65.4811,-0.024916,0.3618,15.075,-6.6875,2.2542,684
2025-05-12,IWM,0.063193,1.625064,0.027028,59.3844,-0.026283,0.3474,15.7011,-6.6583,2.3581,738
2025-05-13,IWM,0.063138,1.478281,0.026494,55.0418,-0.026283,0.345,15.4902,-6.5524,2.364,779
2025-05-14,IWM,0.04534,0.860405,0.025898,32.4504,-0.036843,0.3326,15.2578,-6.5491,2.3297,833
2025-05-15,IWM,0.043262,0.753691,0.025462,28.8155,-0.041426,0.3268,15.054,-6.3744,2.3616,888
2025-05-16,IWM,0.037965,0.599203,0.025181,23.0019,-0.043638,0.332,14.5359,-6.4368,2.2583,933
2025-05-19,IWM,0.036191,0.532062,0.024603,20.8127,-0.045867,0.3294,14.1698,-6.2551,2.2653,986
2025-05-20,IWM,0.03535,0.488736,0.024132,19.424,-0.046824,0.3333,13.7334,-6.2047,2.2134,1037
2025-05-21,IWM,0.012545,0.146362,0.023857,5.2966,-0.067562,0.3262,13.5536,-6.3427,2.1369,1094
2025-05-22,IWM,0.012793,0.142794,0.023702,5.1807,-0.075042,0.3266,13.4596,-6.3126,2.1322,1143
2025-05-23,IWM,0.017298,0.188711,0.023989,7.0329,-0.075042,0.3263,13.66,-6.3358,2.156,1187
2025-05-27,IWM,0.039833,0.46022,0.025009,17.6028,-0.075042,0.3318,13.9934,-6.3225,2.2133,1232
2025-05-28,IWM,0.041046,0.455638,0.025192,17.2924,-0.075042,0.3258,14.2317,-6.2649,2.2717,1289
2025-05-29,IWM,0.015102,0.144422,0.024875,5.002,-0.075042,0.3237,13.8369,-6.4099,2.1587,1352
2025-05-30,IWM,0.004942,0.043766,0.024636,0.9647,-0.075042,0.3228,13.6897,-6.4571,2.1201,1410
2025-06-02,IWM,0.006226,0.05352,0.024375,1.3752,-0.076233,0.3245,13.5129,-6.4087,2.1085,1464
2025-06-03,IWM,0.023855,0.211237,0.024431,7.8276,-0.076233,0.3325,13.3835,-6.3576,2.1051,1504
2025-06-04,IWM,0.021636,0.183603,0.02416,6.7716,-0.076233,0.33,13.2549,-6.2581,2.1181,1550
2025-06-05,IWM,0.023724,0.19608,0.023954,7.3508,-0.076233,0.3305,13.1641,-6.2101,2.1198,1595
2025-06-06,IWM,0.03714,0.310333,0.02388,12.1582,-0.076233,0.3345,13.1301,-6.1588,2.1319,1637
2025-06-09,IWM,0.04327,0.356615,0.023687,14.211,-0.076233,0.3391,12.9017,-6.1151,2.1098,1681
2025-06-10,IWM,0.039773,0.313921,0.023381,12.571,-0.076233,0.3359,12.7884,-6.0225,2.1234,1736
2025-06-11,IWM,0.041674,0.320591,0.023542,12.7684,-0.076233,0.333,12.9512,-6.0118,2.1543,1784
2025-06-12,IWM,0.039946,0.296604,0.023297,11.8728,-0.076233,0.3312,12.8455,-5.9419,2.1618,1840
2025-06-13,IWM,0.031219,0.219741,0.023088,8.6514,-0.076233,0.3296,12.6893,-5.9203,2.1433,1889
2025-06-16,IWM,0.040884,0.287164,0.022964,11.6339,-0.076233,0.3327,12.6155,-5.8796,2.1457,1930
2025-06-17,IWM,0.028729,0.19016,0.022719,7.4898,-0.076233,0.3278,12.5674,-5.8519,2.1476,1992
2025-06-18,IWM,0.027486,0.176672,0.022797,6.8726,-0.076233,0.3251,12.6051,-5.8164,2.1672,2047
2025-06-20,IWM,0.018709,0.114751,0.022694,4.1752,-0.076233,0.3253,12.5344,-5.8742,2.1338,2103
2025-06-23,IWM,0.03732,0.233494,0.02307,9.2544,-0.076233,0.3261,12.7764,-5.8506,2.1838,2150
2025-06-24,IWM,0.036011,0.219102,0.023037,8.6426,-0.076233,0.323,12.8623,-5.8247,2.2082,2195
2025-06-25,IWM,0.035147,0.208327,0.02283,8.249,-0.076233,0.3235,12.7014,-5.7749,2.1994,2241
2025-06-26,IWM,0.04626,0.27439,0.022714,11.1997,-0.076233,0.328,12.5693,-5.7438,2.1883,2282
2025-06-27,IWM,0.044772,0.25853,0.022584,10.5618,-0.076233,0.3264,12.5884,-5.7307,2.1966,2331
2025-06-30,IWM,0.042822,0.240662,0.022508,9.8035,-0.076233,0.3238,12.6011,-5.6902,2.2145,2381
2025-07-01,IWM,0.056718,0.32055,0.022775,13.1965,-0.076233,0.3232,12.8283,-5.6791,2.2589,2429
2025-07-02,IWM,0.068669,0.388418,0.022721,16.2148,-0.076233,0.326,12.8226,-5.6668,2.2628,2471
2025-07-03,IWM,0.0643,0.35256,0.022604,14.7127,-0.076233,0.3269,12.7167,-5.6837,2.2374,2519
2025-07-07,IWM,0.050927,0.266402,0.0225,10.9511,-0.076233,0.3248,12.6383,-5.6977,2.2182,2573
2025-07-08,IWM,0.043326,0.218879,0.022384,8.8849,-0.076233,0.3222,12.605,-5.6782,2.2199,2630
2025-07-09,IWM,0.053905,0.271956,0.022282,11.3075,-0.076233,0.3248,12.5566,-5.6522,2.2215,2670
2025-07-10,IWM,0.053875,0.266343,0.022133,11.1301,-0.076233,0.3264,12.4104,-5.6311,2.2039,2717
2025-07-11,IWM,0.03795,0.17901,0.022078,7.2021,-0.076233,0.3261,12.2747,-5.6741,2.1633,2769
2025-07-14,IWM,0.029612,0.135178,0.021971,5.2423,-0.076233,0.3237,12.2397,-5.6571,2.1636,2833
2025-07-15,IWM,0.00939,0.040727,0.021879,0.9473,-0.076233,0.3207,12.1724,-5.6852,2.1411,2884
2025-07-16,IWM,0.006531,0.027719,0.02179,0.3542,-0.076233,0.3223,12.0624,-5.6929,2.1189,2935
2025-07-17,IWM,0.012224,0.051474,0.021738,1.4479,-0.076233,0.3231,12.0256,-5.6617,2.124,2991
2025-07-18,IWM,-9.2e-05,-0.000375,0.021627,-0.9421,-0.078905,0.3205,11.9725,-5.648,2.1198,3042
2025-04-21,NVDA,-0.024063,-0.997841,0.027009,-37.6852,-0.025102,0.2727,10.4356,-10.5976,0.9847,67
2025-04-22,NVDA,0.025565,23.064243,0.054174,425.3707,-0.025102,0.3438,26.9756,-10.0721,2.6782,127
2025-04-23,NVDA,0.019097,3.899007,0.050008,77.5681,-0.025102,0.3299,26.2438,-10.9614,2.3942,191
2025-04-24,NVDA,0.045368,15.366553,0.049036,312.9663,-0.036116,0.3538,26.2774,-10.7894,2.4355,252
2025-04-25,NVDA,0.062652,20.385064,0.051556,395.0052,-0.036116,0.3636,27.2937,-11.3343,2.4081,301
2025-04-28,NVDA,0.031916,2.741653,0.048826,55.7413,-0.036116,0.3439,25.5731,-11.6894,2.1877,366
2025-04-29,NVDA,-0.000415,-0.014833,0.046597,-0.7475,-0.059871,0.3318,24.1789,-12.0269,2.0104,434
2025-04-30,NVDA,0.042894,2.75467,0.051725,52.869,-0.067942,0.3294,27.5329,-11.83,2.3274,492
2025-05-01,NVDA,0.031605,1.389856,0.049801,27.5065,-0.067942,0.3321,26.1715,-11.8891,2.2013,546
2025-05-02,NVDA,0.033627,1.30127,0.047308,27.0839,-0.067942,0.327,25.1366,-11.1683,2.2507,623
2025-05-05,NVDA,0.038902,1.397208,0.045456,30.2977,-0.067942,0.3324,23.6861,-10.6792,2.218,686
2025-05-06,NVDA,0.035954,1.09968,0.044674,24.168,-0.067942,0.3211,24.0097,-10.4244,2.3032,747
2025-05-07,NVDA,0.045727,1.379139,0.045697,29.7423,-0.067942,0.3237,23.8888,-10.3437,2.3095,815
2025-05-08,NVDA,0.063723,2.040293,0.045999,43.9207,-0.067942,0.3235,24.1698,-10.1387,2.3839,870
2025-05-09,NVDA,0.048377,1.211545,0.044269,26.9158,-0.067942,0.3154,23.0764,-9.6518,2.3909,945
2025-05-12,NVDA,0.08984,2.876702,0.049208,58.0541,-0.067942,0.3211,24.0499,-9.6677,2.4877,1008
2025-05-13,NVDA,0.142246,6.181257,0.051352,119.9801,-0.067942,0.3297,24.8115,-9.596,2.5856,1055
2025-05-14,NVDA,0.162051,7.187507,0.051088,140.2963,-0.067942,0.3392,24.8313,-9.8726,2.5152,1105
2025-05-15,NVDA,0.161215,6.260135,0.050882,122.6391,-0.067942,0.34,24.9236,-10.1254,2.4615,1163
2025-05-16,NVDA,0.166756,5.981476,0.050108,118.9714,-0.067942,0.3424,24.5408,-10.0837,2.4337,1216
2025-05-19,NVDA,0.19015,7.076433,0.049632,142.174,-0.067942,0.347,24.3404,-9.9914,2.4361,1280
2025-05-20,NVDA,0.177174,5.478122,0.048573,112.3701,-0.067942,0.343,23.987,-9.9201,2.418,1344
2025-05-21,NVDA,0.187618,5.579595,0.048507,114.6143,-0.067942,0.3449,23.8426,-9.907,2.4066,1400
2025-05-22,NVDA,0.185775,4.984437,0.047676,104.129,-0.067942,0.3452,23.4579,-9.8667,2.3775,1465
2025-05-23,NVDA,0.162605,3.566219,0.046673,75.9802,-0.067942,0.3455,22.5737,-9.8344,2.2954,1539
2025-05-27,NVDA,0.189159,4.36105,0.047069,92.2271,-0.067942,0.3445,22.7784,-9.6636,2.3571,1611
2025-05-28,NVDA,0.247953,6.904057,0.049806,138.2186,-0.067942,0.345,23.9658,-9.6812,2.4755,1660
2025-05-29,NVDA,0.22833,5.365536,0.049421,108.1622,-0.067942,0.3431,23.8928,-9.8646,2.4221,1716
2025-05-30,NVDA,0.200204,3.883127,0.048847,79.0863,-0.067942,0.3431,23.5547,-10.0913,2.3342,1781
2025-06-02,NVDA,0.203746,3.747819,0.048098,77.5046,-0.067942,0.3417,23.3578,-9.9732,2.3421,1862
2025-06-03,NVDA,0.225323,4.216663,0.047711,87.9602,-0.067942,0.3427,23.2798,-9.8359,2.3668,1924
2025-06-04,NVDA,0.213665,3.594935,0.046883,76.252,-0.067942,0.3401,22.7913,-9.6554,2.3605,2000
2025-06-05,NVDA,0.204709,3.146168,0.046372,67.4155,-0.067942,0.3427,22.3697,-9.7146,2.3027,2062
2025-06-06,NVDA,0.202563,2.924103,0.045812,63.3923,-0.067942,0.3467,21.8399,-9.7083,2.2496,2127
2025-06-09,NVDA,0.199329,2.701317,0.045152,59.3848,-0.067942,0.3453,21.5665,-9.593,2.2482,2204
2025-06-10,NVDA,0.210895,2.817214,0.044695,62.5846,-0.067942,0.347,21.394,-9.5257,2.2459,2262
2025-06-11,NVDA,0.205133,2.563807,0.04417,57.5917,-0.067942,0.3497,20.8823,-9.4764,2.2036,2324
2025-06-12,NVDA,0.2213,2.765033,0.043795,62.6785,-0.067942,0.3517,20.7114,-9.3893,2.2058,2388
2025-06-13,NVDA,0.213357,2.488949,0.043352,56.9509,-0.067942,0.3489,20.6282,-9.3228,2.2127,2448
2025-06-16,NVDA,0.205256,2.241894,0.042775,51.9443,-0.067942,0.3467,20.3946,-9.2113,2.2141,2528
2025-06-17,NVDA,0.203282,2.118647,0.042366,49.5357,-0.067942,0.3469,20.1946,-9.1641,2.2036,2585
2025-06-18,NVDA,0.216014,2.233195,0.042088,52.5846,-0.067942,0.3473,20.1379,-9.0946,2.2143,2645
2025-06-20,NVDA,0.202534,1.947183,0.041677,46.241,-0.067942,0.3469,19.8727,-9.0778,2.1892,2714
2025-06-23,NVDA,0.209611,1.973961,0.041378,47.2223,-0.067942,0.3457,19.9201,-9.0301,2.206,2777
2025-06-24,NVDA,0.228054,2.159499,0.041157,51.9843,-0.067942,0.3475,19.756,-8.9243,2.2137,2831
2025-06-25,NVDA,0.266327,2.645633,0.041096,63.8906,-0.067942,0.3497,19.9964,-8.9169,2.2425,2887
2025-06-26,NVDA,0.292578,2.959118,0.040914,71.8371,-0.067942,0.3519,19.9911,-8.862,2.2558,2938
2025-06-27,NVDA,0.315743,3.223271,0.040676,78.7513,-0.067942,0.3539,19.955,-8.8123,2.2645,2990
2025-06-30,NVDA,0.323891,3.233195,0.040332,79.6688,-0.067942,0.3542,19.8249,-8.7364,2.2692,3050
2025-07-01,NVDA,0.298376,2.728534,0.040183,67.4058,-0.067942,0.3524,19.7609,-8.8252,2.2391,3112
2025-07-02,NVDA,0.326385,3.037679,0.040096,75.262,-0.067942,0.3535,19.8598,-8.7822,2.2614,3165
2025-07-03,NVDA,0.339386,3.121026,0.03987,77.7784,-0.067942,0.354,19.7824,-8.7129,2.2705,3219
2025-07-07,NVDA,0.321989,2.770545,0.039557,69.534,-0.067942,0.354,19.5538,-8.7347,2.2386,3282
2025-07-08,NVDA,0.325447,2.724121,0.039231,68.928,-0.067942,0.353,19.4345,-8.6419,2.2489,3343
2025-07-09,NVDA,0.341081,2.836856,0.039202,71.8542,-0.067942,0.3521,19.509,-8.584,2.2727,3403
2025-07-10,NVDA,0.340349,2.736639,0.038935,69.7737,-0.067942,0.3531,19.3811,-8.5956,2.2548,3463
2025-07-11,NVDA,0.344653,2.703331,0.038884,69.0078,-0.067942,0.3496,19.5601,-8.5539,2.2867,3535
2025-07-14,NVDA,0.342651,2.597315,0.038618,66.7393,-0.067942,0.3502,19.3969,-8.5397,2.2714,3598
2025-07-15,NVDA,0.33906,2.480063,0.038498,63.9012,-0.067942,0.3479,19.4857,-8.5488,2.2793,3668
2025-07-16,NVDA,0.343495,2.456137,0.038197,63.7786,-0.067942,0.349,19.3132,-8.5144,2.2683,3737
2025-07-17,NVDA,0.357296,2.53263,0.037981,66.1542,-0.067942,0.3504,19.1323,-8.4403,2.2668,3801
2025-07-18,NVDA,0.350832,2.394934,0.037677,63.0334,-0.067942,0.3484,18.9744,-8.3414,2.2747,3870
2025-04-21,XOM,-0.001838,-0.371055,0.029089,-13.4434,-0.010463,0.5,10.458,-12.5007,0.8366,25
2025-04-22,XOM,0.029359,37.320623,0.037818,986.3267,-0.010463,0.5909,21.8648,-9.8349,2.2232,45
2025-04-23,XOM,0.030218,11.191127,0.043769,255.2289,-0.01864,0.4737,24.7184,-12.174,2.0304,78
2025-04-24,XOM,0.035855,8.200902,0.038695,211.4177,-0.01864,0.4364,22.4369,-9.6598,2.3227,112
2025-04-25,XOM,0.036515,5.095621,0.036157,140.3786,-0.01864,0.4118,21.9654,-9.2899,2.3644,138
2025-04-28,XOM,0.037206,3.638035,0.034055,106.2423,-0.01864,0.4024,20.749,-8.9117,2.3283,164
2025-04-29,XOM,0.033288,2.250671,0.032434,68.7767,-0.01864,0.3895,19.8563,-8.8407,2.246,190
2025-04-30,XOM,0.026849,1.3039,0.03219,39.8847,-0.020008,0.3868,18.9665,-9.2097,2.0594,213
2025-05-01,XOM,0.030167,1.298322,0.03461,36.9349,-0.021027,0.368,20.3275,-9.2906,2.188,249
2025-05-02,XOM,0.034911,1.374416,0.035126,38.5583,-0.02427,0.365,21.0734,-9.436,2.2333,266
2025-05-05,XOM,0.023851,0.715976,0.033867,20.5501,-0.02427,0.3571,19.7739,-9.3794,2.1082,297
2025-05-06,XOM,0.03534,1.0737,0.03358,31.3789,-0.02427,0.3609,19.8901,-9.0527,2.1971,327
2025-05-07,XOM,0.015513,0.347703,0.032965,9.9408,-0.029618,0.3529,19.2583,-9.6498,1.9957,363
2025-05-08,XOM,0.031977,0.762216,0.033365,22.2451,-0.029618,0.36,19.8356,-9.4921,2.0897,389
2025-05-09,XOM,0.035256,0.789797,0.032645,23.5806,-0.029618,0.3565,19.5658,-9.1477,2.1389,419
2025-05-12,XOM,0.047489,1.076615,0.035227,29.9946,-0.029618,0.3593,20.5755,-9.3998,2.1889,449
2025-05-13,XOM,0.039976,0.787914,0.034323,22.3734,-0.029618,0.3577,19.861,-9.3751,2.1185,481
2025-05-14,XOM,0.024731,0.407792,0.033452,11.5925,-0.030617,0.3409,19.6435,-9.2129,2.1322,516
2025-05-15,XOM,0.029982,0.479661,0.032603,14.0988,-0.031121,0.3523,18.6,-9.0193,2.0622,550
2025-05-16,XOM,0.021861,0.313215,0.031854,9.2049,-0.033201,0.3455,18.1054,-8.8184,2.0531,588
2025-05-19,XOM,0.018719,0.249258,0.031064,7.3802,-0.037023,0.3438,17.6142,-8.6305,2.0409,623
2025-05-20,XOM,0.01371,0.168794,0.030389,4.8963,-0.043456,0.3343,17.5604,-8.4064,2.0889,657
2025-05-21,XOM,-0.00068,-0.007422,0.030086,-0.9114,-0.054526,0.3266,17.3445,-8.4312,2.0572,680
2025-05-22,XOM,-0.009247,-0.092936,0.029866,-3.7814,-0.065487,0.3232,17.2822,-8.5047,2.0321,714
2025-05-23,XOM,-0.02039,-0.187516,0.029433,-7.0506,-0.07474,0.3245,16.8335,-8.619,1.9531,752
2025-05-27,XOM,-0.021254,-0.187975,0.028946,-7.1849,-0.075235,0.3266,16.4286,-8.4999,1.9328,785
2025-05-28,XOM,-0.023184,-0.196623,0.028743,-7.5364,-0.082176,0.3245,16.3808,-8.4215,1.9451,820
2025-05-29,XOM,-0.041082,-0.314461,0.02838,-11.785,-0.092752,0.3195,15.9366,-8.409,1.8952,860
2025-05-30,XOM,-0.061428,-0.423559,0.028086,-15.7928,-0.112001,0.3121,15.6912,-8.427,1.862,900
2025-06-02,XOM,-0.065466,-0.433761,0.028068,-16.1666,-0.11944,0.3206,15.2651,-8.5671,1.7818,932
2025-06-03,XOM,-0.05993,-0.394912,0.027856,-14.8947,-0.11944,0.3237,15.1499,-8.4697,1.7887,961
2025-06-04,XOM,-0.064992,-0.410925,0.027595,-15.6161,-0.11944,0.3155,15.25,-8.2842,1.8409,999
2025-06-05,XOM,-0.071747,-0.433645,0.027206,-16.6747,-0.121764,0.3129,14.9477,-8.1419,1.8359,1031
2025-06-06,XOM,-0.062277,-0.379099,0.027817,-14.3472,-0.121764,0.3134,15.2774,-8.1027,1.8855,1060
2025-06-09,XOM,-0.05908,-0.354969,0.027652,-13.5604,-0.121764,0.3144,15.1879,-8.0165,1.8946,1081
2025-06-10,XOM,-0.053885,-0.321412,0.027656,-12.345,-0.121764,0.3179,15.2697,-8.0534,1.8961,1113
2025-06-11,XOM,-0.038918,-0.236894,0.027861,-9.2207,-0.121764,0.3212,15.5889,-8.0381,1.9394,1146
2025-06-12,XOM,-0.037554,-0.224182,0.027615,-8.8423,-0.121764,0.3243,15.3547,-7.9961,1.9203,1173
2025-06-13,XOM,-0.005673,-0.036096,0.030592,-1.8337,-0.121764,0.3279,16.1948,-7.9932,2.0261,1219
2025-06-16,XOM,-0.017432,-0.104872,0.030479,-4.097,-0.121764,0.326,16.0433,-8.0308,1.9977,1257
2025-06-17,XOM,-0.007813,-0.047066,0.030222,-2.2191,-0.121764,0.3267,15.992,-7.8789,2.0297,1301
2025-06-18,XOM,-0.025152,-0.141737,0.03004,-5.3841,-0.121764,0.3235,15.8274,-7.9341,1.9948,1343
2025-06-20,XOM,-0.026874,-0.147559,0.030036,-5.5786,-0.121764,0.3247,15.7844,-7.9711,1.9802,1374
2025-06-23,XOM,-0.046843,-0.240255,0.029948,-8.6902,-0.121764,0.3176,15.9371,-8.0526,1.9791,1423
2025-06-24,XOM,-0.052273,-0.259669,0.029812,-9.3812,-0.121764,0.3176,15.8326,-8.0577,1.9649,1456
2025-06-25,XOM,-0.047117,-0.232334,0.029746,-8.483,-0.121764,0.317,15.8998,-7.9887,1.9903,1482
2025-06-26,XOM,-0.033355,-0.166307,0.029705,-6.272,-0.121764,0.3194,15.9578,-7.9158,2.016,1504
2025-06-27,XOM,-0.03852,-0.186353,0.029652,-6.9592,-0.121764,0.3205,15.8632,-7.9672,1.9911,1531
2025-06-30,XOM,-0.046785,-0.218406,0.02943,-8.1008,-0.121764,0.3174,15.8052,-7.924,1.9946,1560
2025-07-01,XOM,-0.036793,-0.17216,0.029716,-6.4666,-0.121764,0.3197,15.9524,-7.9436,2.0082,1585
2025-07-02,XOM,-0.023421,-0.110508,0.029951,-4.3573,-0.121764,0.3212,16.2004,-7.9446,2.0392,1615
2025-07-03,XOM,-0.026789,-0.123305,0.029864,-4.7986,-0.121764,0.3217,16.1243,-7.9645,2.0245,1636
2025-07-07,XOM,-0.037695,-0.166977,0.029693,-6.2971,-0.121764,0.3169,16.1606,-7.929,2.0382,1672
2025-07-08,XOM,-0.015507,-0.070336,0.0305,-2.9618,-0.121764,0.3202,16.4509,-7.9256,2.0757,1696
2025-07-09,XOM,-0.019849,-0.087768,0.030285,-3.5584,-0.121764,0.322,16.1827,-7.9061,2.0469,1724
2025-07-10,XOM,-0.00901,-0.039913,0.030455,-1.9673,-0.121764,0.3225,16.2641,-7.8415,2.0741,1750
2025-07-11,XOM,-0.00838,-0.036522,0.030303,-1.8653,-0.121764,0.3249,16.1054,-7.841,2.054,1775
2025-07-14,XOM,-0.025467,-0.106029,0.030077,-4.1901,-0.121764,0.3218,15.9966,-7.8607,2.035,1811
2025-07-15,XOM,-0.051424,-0.201873,0.029954,-7.4072,-0.121764,0.3174,15.9589,-7.9542,2.0064,1849
2025-07-16,XOM,-0.063276,-0.240079,0.029813,-8.7237,-0.121764,0.3177,15.7964,-7.9999,1.9746,1879
2025-07-17,XOM,-0.071429,-0.263726,0.029584,-9.5905,-0.121764,0.3152,15.6949,-7.9378,1.9772,1913
2025-07-18,XOM,-0.082384,-0.294926,0.029634,-10.6274,-0.132663,0.3122,15.8044,-7.9775,1.9811,1950
2025-04-21,CVX,-0.008075,-0.870377,0.025453,-34.9816,-0.013808,0.3077,10.7188,-10.7453,0.9975,27
2025-04-22,CVX,0.022648,15.807555,0.041228,382.9327,-0.013808,0.4783,23.3641,-8.8348,2.6446,47
2025-04-23,CVX,0.022817,5.652926,0.046165,122.0163,-0.02254,0.381,27.0933,-10.8224,2.5034,82
2025-04-24,CVX,0.027413,4.494731,0.040343,110.9159,-0.02254,0.4167,21.2695,-9.9709,2.1332,118
2025-04-25,CVX,0.019049,1.58842,0.038927,40.2918,-0.02254,0.411,19.322,-10.5271,1.8355,145
2025-04-28,CVX,0.024598,1.774922,0.037491,46.8094,-0.02254,0.4,19.4943,-9.7807,1.9931,167
2025-04-29,CVX,0.015001,0.70922,0.035798,19.2528,-0.022907,0.38,18.5137,-9.734,1.902,195
2025-04-30,CVX,0.010965,0.409878,0.035558,10.9647,-0.037828,0.4103,16.9959,-10.7639,1.579,227
2025-05-01,CVX,0.014304,0.488375,0.03626,12.9173,-0.037828,0.4091,17.6868,-11.0221,1.6047,257
2025-05-02,CVX,0.033239,1.279603,0.042873,29.3796,-0.040181,0.4027,20.7839,-11.5218,1.8039,291
2025-05-05,CVX,0.012282,0.322671,0.042909,7.0537,-0.040181,0.3939,20.0284,-12.1997,1.6417,320
2025-05-06,CVX,0.011501,0.271419,0.0414,6.0729,-0.040181,0.3867,19.7638,-11.7729,1.6787,353
2025-05-07,CVX,0.014315,0.317211,0.040253,7.3836,-0.040181,0.3909,19.0686,-11.4404,1.6668,383
2025-05-08,CVX,0.024906,0.557087,0.03955,13.5799,-0.040181,0.4019,18.7343,-11.2611,1.6636,407
2025-05-09,CVX,0.027949,0.588992,0.039023,14.5811,-0.040181,0.4036,18.441,-11.0779,1.6647,437
2025-05-12,CVX,0.034517,0.706546,0.041979,16.3546,-0.040181,0.3884,19.9057,-11.088,1.7952,475
2025-05-13,CVX,0.031384,0.581012,0.040993,13.6857,-0.040181,0.3813,19.6882,-10.819,1.8198,505
2025-05-14,CVX,0.017596,0.276607,0.039844,6.4403,-0.040181,0.361,19.5377,-10.3755,1.8831,540
2025-05-15,CVX,0.026428,0.413352,0.039187,10.0378,-0.040181,0.3737,18.8268,-10.2602,1.8349,563
2025-05-16,CVX,0.029199,0.437118,0.038271,10.8991,-0.040181,0.3725,18.398,-9.9099,1.8565,596
2025-05-19,CVX,0.023524,0.321834,0.037451,8.0594,-0.040181,0.3707,17.9316,-9.7873,1.8321,627
2025-05-20,CVX,0.010469,0.126702,0.036423,2.9296,-0.040619,0.3567,17.6059,-9.446,1.8638,667
2025-05-21,CVX,0.006599,0.074727,0.035773,1.5298,-0.044293,0.3538,17.3934,-9.3318,1.8639,701
2025-05-22,CVX,0.009375,0.102935,0.035479,2.3376,-0.050142,0.3512,17.4923,-9.2107,1.8991,726
2025-05-23,CVX,0.000125,0.001264,0.035245,-0.5316,-0.050439,0.3522,17.3113,-9.408,1.8401,758
2025-05-27,CVX,-0.006131,-0.057869,0.034661,-2.2466,-0.05638,0.3489,17.028,-9.2787,1.8352,792
2025-05-28,CVX,-0.015743,-0.137655,0.034088,-4.6249,-0.065505,0.3412,16.843,-9.0971,1.8515,825
2025-05-29,CVX,-0.010218,-0.088289,0.03397,-3.1877,-0.065505,0.3455,16.8017,-9.1041,1.8455,854
2025-05-30,CVX,-0.023888,-0.189493,0.033649,-6.2259,-0.075138,0.3399,16.6963,-9.1268,1.8294,886
2025-06-02,CVX,-0.029212,-0.220449,0.033502,-7.1772,-0.082745,0.3447,16.3849,-9.2503,1.7713,914
2025-06-03,CVX,-0.023201,-0.173721,0.033887,-5.7167,-0.082745,0.3457,16.4826,-9.1942,1.7927,945
2025-06-04,CVX,-0.04511,-0.304766,0.033512,-9.691,-0.093388,0.3393,16.3042,-9.2755,1.7578,981
2025-06-05,CVX,-0.052049,-0.335144,0.033071,-10.7389,-0.100229,0.3333,16.1746,-9.0902,1.7793,1010
2025-06-06,CVX,-0.041503,-0.269612,0.033401,-8.6707,-0.102203,0.3321,16.5027,-8.9781,1.8381,1042
2025-06-09,CVX,-0.046753,-0.2916,0.033046,-9.4293,-0.102203,0.3279,16.3978,-8.8401,1.8549,1072
2025-06-10,CVX,-0.051519,-0.309442,0.032956,-9.9965,-0.102203,0.3292,16.3066,-8.905,1.8312,1104
2025-06-11,CVX,-0.052539,-0.307588,0.032626,-10.0407,-0.102203,0.3333,15.991,-8.889,1.799,1145
2025-06-12,CVX,-0.058159,-0.327907,0.032527,-10.6961,-0.109198,0.3328,15.9062,-8.9002,1.7872,1171
2025-06-13,CVX,-0.025108,-0.151521,0.034889,-4.9162,-0.109198,0.3382,16.5143,-8.8481,1.8664,1205
2025-06-16,CVX,-0.038086,-0.217005,0.034845,-6.8017,-0.109198,0.3412,16.2281,-9.0105,1.801,1239
2025-06-17,CVX,-0.026888,-0.154245,0.03456,-5.0418,-0.109198,0.3466,16.0478,-8.9344,1.7962,1269
2025-06-18,CVX,-0.047767,-0.254481,0.03433,-7.9953,-0.109198,0.3423,15.8819,-8.9896,1.7667,1301
2025-06-20,CVX,-0.049039,-0.255229,0.034054,-8.0822,-0.109198,0.3421,15.7777,-8.9263,1.7676,1337
2025-06-23,CVX,-0.042299,-0.219273,0.034005,-7.0364,-0.109198,0.3414,15.9921,-8.8987,1.7971,1369
2025-06-24,CVX,-0.048133,-0.241373,0.033808,-7.7311,-0.109198,0.3408,15.8668,-8.8781,1.7872,1399
2025-06-25,CVX,-0.051437,-0.251205,0.033549,-8.0838,-0.109198,0.3379,15.7782,-8.7534,1.8025,1427
2025-06-26,CVX,-0.043399,-0.211711,0.033293,-6.9598,-0.109198,0.3427,15.5575,-8.697,1.7888,1455
2025-06-27,CVX,-0.047211,-0.224232,0.033045,-7.391,-0.109198,0.3442,15.3331,-8.6773,1.767,1482
2025-06-30,CVX,-0.048773,-0.226753,0.032783,-7.5269,-0.109198,0.3449,15.1455,-8.6133,1.7584,1509
2025-07-01,CVX,-0.031756,-0.150107,0.033168,-5.1286,-0.109198,0.3477,15.376,-8.6084,1.7862,1533
2025-07-02,CVX,-0.024924,-0.117252,0.033227,-4.1308,-0.109198,0.3491,15.4563,-8.609,1.7954,1560
2025-07-03,CVX,-0.027896,-0.128127,0.03312,-4.4725,-0.109198,0.3498,15.4111,-8.6415,1.7834,1581
2025-07-07,CVX,-0.036199,-0.160804,0.032968,-5.4842,-0.109198,0.3486,15.3492,-8.6616,1.7721,1612
2025-07-08,CVX,-0.008314,-0.038209,0.033637,-1.7305,-0.109198,0.3511,15.8024,-8.6525,1.8263,1640
2025-07-09,CVX,-0.019309,-0.085461,0.033351,-3.1622,-0.109198,0.3496,15.5943,-8.6118,1.8108,1676
2025-07-10,CVX,-0.003166,-0.014169,0.03371,-1.0136,-0.109198,0.352,15.6474,-8.537,1.8329,1705
2025-07-11,CVX,-0.003652,-0.016047,0.033699,-1.0697,-0.109198,0.3529,15.6564,-8.5798,1.8248,1728
2025-07-14,CVX,-0.013708,-0.058209,0.033502,-2.3344,-0.109198,0.35,15.6341,-8.5746,1.8233,1756
2025-07-15,CVX,-0.031317,-0.12707,0.033339,-4.4113,-0.109198,0.3446,15.6657,-8.5843,1.8249,1786
2025-07-16,CVX,-0.04317,-0.169183,0.03308,-5.7189,-0.109198,0.3422,15.55,-8.559,1.8168,1822
2025-07-17,CVX,-0.039938,-0.154964,0.03299,-5.3036,-0.109198,0.3421,15.5777,-8.5288,1.8265,1845
2025-07-18,CVX,-0.034953,-0.134639,0.036241,-4.267,-0.109198,0.3448,16.253,-8.9208,1.8219,1877
2025-04-21,combined,10.252762,8.26603910040899e+264,29.709446,2.782293213851966e+263,-0.980863,0.4825,55853.72,-51835.3263,1.0775,573
2025-04-22,combined,38.552035,1.7509442908723305e+201,26.45991,6.617347866327506e+199,-0.981727,0.5,64776.7148,-64322.6272,1.0071,1135
2025-04-23,combined,11.219494,2.0533881949781675e+91,25.011403,8.209808198832731e+89,-0.982502,0.5033,61595.7722,-62326.6331,0.9883,1835
2025-04-24,combined,6.216299,1.1852660481120554e+54,24.454562,4.846809459273414e+52,-0.982698,0.5106,60639.3155,-63237.5479,0.9589,2500
2025-04-25,combined,11.958684,1.1832297714250657e+56,24.425099,4.8443191628579286e+54,-0.982736,0.5064,60260.3192,-61766.905,0.9756,3141
2025-04-28,combined,3.108448,5.949325436331729e+25,24.195978,2.458807580479103e+24,-0.982895,0.5082,58884.3566,-60841.191,0.9678,3721
2025-04-29,combined,1.792988,1.1441526339581056e+16,24.633356,464472901290414.0,-0.982895,0.5053,59202.4307,-60461.7705,0.9792,4364
2025-04-30,combined,10.554733,2.998732219385885e+33,24.401275,1.2289244174073247e+32,-0.982895,0.504,59240.6353,-60170.0049,0.9846,5001
2025-05-01,combined,3.153156,2.063431887169968e+17,24.74909,8337404929463579.0,-0.983086,0.5033,59922.0809,-60722.9393,0.9868,5685
2025-05-02,combined,11.360291,3.304634771151873e+27,24.801309,1.3324436977481874e+26,-0.983086,0.5042,60220.7962,-61207.1738,0.9839,6386
2025-05-05,combined,9.454711,2.2465275125558832e+23,24.94762,9.004977229730214e+21,-0.983725,0.5038,60009.7362,-60908.6648,0.9852,7004
2025-05-06,combined,8.898254,8.067348470522709e+20,24.912977,3.2382113592461816e+19,-0.983954,0.5049,60014.1306,-61197.2455,0.9807,7702
2025-05-07,combined,14.507458,1.1972145066051888e+23,24.791095,4.82921192104802e+21,-0.98417,0.5068,60172.7488,-61819.2618,0.9734,8421
2025-05-08,combined,25.56489,4.340546490870526e+25,24.982515,1.7374337458161154e+24,-0.98417,0.5053,60976.6266,-62249.2024,0.9796,9047
2025-05-09,combined,12.821599,1.450036909086747e+19,24.905149,5.82223748276532e+17,-0.984217,0.5045,61341.756,-62448.5471,0.9823,9708
2025-05-12,combined,1.714367,6765176.488466,25.078826,269756.5063,-0.984394,0.5039,61548.6613,-62521.1528,0.9844,10459
2025-05-13,combined,10.811944,7862982252652014.0,25.063681,313720173839773.7,-0.984913,0.5041,62053.7137,-63072.5017,0.9838,11058
2025-05-14,combined,17.806175,6.921603213010159e+17,25.19672,2.747025495299419e+16,-0.984913,0.5036,62028.7186,-62902.5309,0.9861,11763
2025-05-15,combined,9.78749,50094069782303.13,25.397577,1972395595244.4707,-0.984913,0.5035,62671.7998,-63537.8579,0.9864,12407
2025-05-16,combined,2.80542,20562365.814519,25.325216,811932.5064,-0.985327,0.5026,62682.8886,-63338.2914,0.9897,13044
2025-05-19,combined,10.925876,8277196544646.343,25.306594,327076665836.336,-0.985378,0.503,62778.2443,-63534.4638,0.9881,13697
2025-05-20,combined,10.046274,890354780422.8722,25.352392,35119163045.6683,-0.985378,0.5023,62915.1948,-63480.5515,0.9911,14324
2025-05-21,combined,33.128787,6.275842008794424e+16,25.329092,2477720836333923.5,-0.98543,0.502,62712.2079,-63180.2146,0.9926,14958
2025-05-22,combined,28.929244,3155043356064954.0,25.297405,124718061606122.34,-0.98543,0.5017,62506.0384,-62901.6715,0.9937,15540
2025-05-23,combined,6.92277,1149954409.688838,25.439594,45203331.5022,-0.985496,0.5021,62368.4358,-62881.0935,0.9918,16225
2025-05-27,combined,34.852467,1166478986947957.5,25.640362,45493858806213.39,-0.985496,0.5021,62745.1149,-63254.8447,0.9919,16924
2025-05-28,combined,10.254171,6490221372.202231,25.623585,253290915.4692,-0.985499,0.5023,62883.0738,-63458.8263,0.9909,17578
2025-05-29,combined,0.22833,5.365536,25.580503,0.209,-0.985574,0.5018,62591.3962,-63032.45,0.993,18266
2025-05-30,combined,4.837774,4554327.005632,25.551469,178241.2977,-0.985574,0.5013,62372.2528,-62700.1356,0.9948,18920
2025-06-02,combined,2.611555,48375.163843,25.588903,1890.4735,-0.985664,0.5012,62452.4581,-62751.4799,0.9952,19607
2025-06-03,combined,8.608606,97292171.914839,25.804942,3770292.2506,-0.985664,0.5014,62562.1566,-62910.5829,0.9945,20241
2025-06-04,combined,22.224247,57120295439.61878,25.739846,2219138978.186,-0.985664,0.5016,62365.2743,-62752.6925,0.9938,20918
2025-06-05,combined,8.107313,21195951.900654,25.7436,823348.4027,-0.985904,0.5013,62469.0582,-62790.3472,0.9949,21545
2025-06-06,combined,38.134492,636323278808.6049,25.752811,24708885951.739,-0.985904,0.5016,62599.0747,-62979.5272,0.994,22148
2025-06-09,combined,4.650098,259896.962779,25.768982,10085.6504,-0.985904,0.5016,62755.991,-63157.6671,0.9936,22780
2025-06-10,combined,7.28212,2672948.705284,25.758059,103771.3568,-0.985918,0.5016,62669.4505,-63073.767,0.9936,23447
2025-06-11,combined,4.025348,59635.232477,25.699029,2320.524,-0.986128,0.5014,62686.5739,-63024.82,0.9946,24054
2025-06-12,combined,4.077749,47830.577404,25.741811,1858.0883,-0.986128,0.5015,62761.8837,-63131.9823,0.9941,24740
2025-06-13,combined,6.729327,547974.891846,25.770668,21263.511,-0.986333,0.5015,62832.8984,-63212.5634,0.994,25384
2025-06-16,combined,2.055239,1136.063734,25.741723,44.1324,-0.986333,0.5016,62916.1304,-63318.6916,0.9936,26017
2025-06-17,combined,34.142778,3171293813.628886,25.677955,123502585.8948,-0.986333,0.5016,62803.8213,-63183.963,0.994,26702
2025-06-18,combined,13.767388,10371036.38933,25.772883,402401.1016,-0.986778,0.5015,62767.8256,-63148.8726,0.994,27337
2025-06-20,combined,8.288937,470684.682791,25.777067,18259.8224,-0.986914,0.5018,62838.9187,-63277.8539,0.9931,27969
2025-06-23,combined,24.509382,113907979.709551,25.760864,4421745.3837,-0.986914,0.5016,62759.9227,-63145.1591,0.9939,28630
2025-06-24,combined,5.318472,30437.801886,25.77331,1180.9807,-0.986914,0.5014,62761.1348,-63120.6349,0.9943,29280
2025-06-25,combined,12.461909,1532994.006634,25.808121,59399.6739,-0.986914,0.5013,62788.8627,-63099.8391,0.9951,29891
2025-06-26,combined,22.931513,24752964.974394,25.859425,957212.4965,-0.986914,0.5011,62937.0044,-63208.6857,0.9957,30512
2025-06-27,combined,5.740807,22424.249651,25.847777,867.5496,-0.986914,0.5012,62937.2555,-63246.7236,0.9951,31216
2025-06-30,combined,4.095581,4334.069922,25.859924,167.5972,-0.986914,0.501,62859.4624,-63119.3086,0.9959,31857
2025-07-01,combined,13.853892,805516.274044,25.849205,31162.1283,-0.986914,0.501,63001.4604,-63256.841,0.996,32470
2025-07-02,combined,39.637871,89127502.698564,25.858811,3446697.686,-0.986914,0.5008,63234.0578,-63417.5257,0.9971,33086
2025-07-03,combined,7.42561,30590.907239,25.942698,1179.1714,-0.986914,0.5005,63314.9832,-63448.243,0.9979,33575
2025-07-07,combined,5.648268,8160.054321,25.958903,314.3443,-0.986914,0.5006,63174.8219,-63317.0938,0.9978,34219
2025-07-08,combined,3.764227,1457.695517,26.013331,56.0357,-0.986914,0.5008,63177.5317,-63368.9117,0.997,34859
2025-07-09,combined,8.014766,23736.105887,26.005017,912.7503,-0.986914,0.5011,63181.1678,-63456.9797,0.9957,35503
2025-07-10,combined,16.692912,412188.528977,25.951088,15883.2845,-0.986914,0.5014,63113.1442,-63461.8132,0.9945,36105
2025-07-11,combined,26.889038,2456617.41642,26.007838,94456.8098,-0.986914,0.5014,63024.582,-63369.8545,0.9946,36745
2025-07-14,combined,8.680692,19211.91975,26.089674,736.3794,-0.986914,0.501,63110.6321,-63354.5704,0.9961,37450
2025-07-15,combined,23.221289,816890.807992,26.084563,31317.0208,-0.986914,0.5011,62942.1482,-63205.7286,0.9958,38151
2025-07-16,combined,23.990359,742410.197402,26.203121,28332.8909,-0.986914,0.5009,62927.1119,-63133.5563,0.9967,38834
2025-07-17,combined,12.08382,41056.757582,26.208611,1566.5362,-0.986914,0.5004,62932.6461,-63030.8572,0.9984,39485
2025-07-18,combined,31.139443,1334692.818963,26.231791,50880.7349,-0.986914,0.5003,62975.7416,-63040.8675,0.999,40147
2025-04-21,WMT,-0.009036,-0.898473,0.031962,-28.7367,-0.017722,0.2,20.0373,-10.0293,1.9979,33
2025-04-22,WMT,0.025728,23.55135,0.047865,491.6202,-0.017722,0.3793,31.918,-9.9765,3.1993,59
2025-04-23,WMT,0.010018,1.310165,0.039608,32.5735,-0.018937,0.3214,23.9232,-9.5745,2.4986,107
2025-04-24,WMT,0.005054,0.373864,0.039,9.0733,-0.030841,0.3194,23.3943,-10.2933,2.2728,139
2025-04-25,WMT,0.003962,0.220563,0.036354,5.5169,-0.030841,0.3222,21.2514,-9.6701,2.1976,170
2025-04-28,WMT,0.010339,0.540353,0.035255,14.7595,-0.030841,0.3366,20.5937,-9.4218,2.1858,193
2025-04-29,WMT,0.016226,0.785032,0.033656,22.7312,-0.030841,0.339,19.9097,-8.8233,2.2565,226
2025-04-30,WMT,0.021547,0.95719,0.034256,27.3586,-0.030841,0.3358,20.954,-9.0136,2.3247,267
2025-05-01,WMT,-0.004845,-0.127154,0.033224,-4.4292,-0.033301,0.3208,19.9507,-9.7202,2.0525,313
2025-05-02,WMT,-0.002348,-0.057509,0.032682,-2.3716,-0.033301,0.3204,19.6697,-9.4024,2.092,354
2025-05-05,WMT,-0.007505,-0.15852,0.031718,-5.6282,-0.035885,0.3182,19.0272,-9.25,2.057,389
2025-05-06,WMT,-0.013,-0.240268,0.030612,-8.5022,-0.041223,0.3163,18.0891,-8.9573,2.0195,423
2025-05-07,WMT,-0.025537,-0.394354,0.030554,-13.5613,-0.053402,0.3219,17.4128,-9.3431,1.8637,459
2025-05-08,WMT,-0.030289,-0.425142,0.030803,-14.4512,-0.05989,0.3173,17.6825,-9.405,1.8801,491
2025-05-09,WMT,-0.046978,-0.554417,0.030065,-19.1056,-0.074229,0.3097,16.9783,-9.3102,1.8236,527
2025-05-12,WMT,-0.047839,-0.537948,0.035505,-15.7148,-0.075773,0.3125,17.9662,-9.7772,1.8376,571
2025-05-13,WMT,-0.056169,-0.575534,0.034712,-17.1566,-0.084485,0.3149,17.2385,-9.6995,1.7773,611
2025-05-14,WMT,-0.046695,-0.488028,0.034578,-14.6923,-0.08705,0.3161,17.3546,-9.4052,1.8452,653
2025-05-15,WMT,-0.076994,-0.654457,0.04152,-16.244,-0.103387,0.3229,17.8001,-10.6381,1.6732,701
2025-05-16,WMT,-0.063659,-0.563415,0.041532,-14.0472,-0.106324,0.3243,18.1012,-10.3861,1.7428,735
2025-05-19,WMT,-0.071735,-0.59068,0.041422,-14.7429,-0.107235,0.3325,17.5062,-10.5519,1.6591,776
2025-05-20,WMT,-0.069369,-0.561107,0.041003,-14.1724,-0.107235,0.335,17.3012,-10.4542,1.6549,796
2025-05-21,WMT,-0.081793,-0.607395,0.040339,-15.5531,-0.108049,0.3325,16.9564,-10.4022,1.6301,833
2025-05-22,WMT,-0.082965,-0.597235,0.039816,-15.5023,-0.109847,0.331,16.8322,-10.2426,1.6434,861
2025-05-23,WMT,-0.082677,-0.580992,0.039166,-15.3447,-0.110381,0.3385,16.1975,-10.1455,1.5965,895
2025-05-27,WMT,-0.081987,-0.563567,0.038608,-15.115,-0.110381,0.3405,15.9844,-10.0263,1.5942,930
2025-05-28,WMT,-0.093061,-0.598151,0.037924,-16.2996,-0.118994,0.3361,15.6601,-9.854,1.5892,967
2025-05-29,WMT,-0.087751,-0.562455,0.037682,-15.4569,-0.118994,0.3406,15.4849,-9.755,1.5874,1006
2025-05-30,WMT,-0.072111,-0.478142,0.037855,-13.159,-0.118994,0.3443,15.7375,-9.6815,1.6255,1030
2025-06-02,WMT,-0.06868,-0.449914,0.037529,-12.5212,-0.118994,0.3465,15.6489,-9.6175,1.6271,1060
2025-06-03,WMT,-0.062815,-0.409846,0.037283,-11.5294,-0.118994,0.3499,15.5448,-9.5532,1.6272,1084
2025-06-04,WMT,-0.071743,-0.443598,0.036688,-12.6363,-0.118994,0.3434,15.358,-9.329,1.6463,1123
2025-06-05,WMT,-0.07925,-0.467678,0.036264,-13.448,-0.118994,0.3438,15.119,-9.3172,1.6227,1156
2025-06-06,WMT,-0.085177,-0.483062,0.035782,-14.0592,-0.118994,0.3384,15.0211,-9.1275,1.6457,1191
2025-06-09,WMT,-0.090346,-0.494283,0.035528,-14.4753,-0.118994,0.3382,14.8485,-9.0764,1.6359,1227
2025-06-10,WMT,-0.094927,-0.502508,0.03513,-14.8737,-0.122598,0.3355,14.731,-8.95,1.6459,1261
2025-06-11,WMT,-0.101784,-0.518623,0.034817,-15.47,-0.13009,0.3354,14.5552,-8.931,1.6297,1291
2025-06-12,WMT,-0.111516,-0.543475,0.034398,-16.3811,-0.136922,0.3293,14.4357,-8.7484,1.6501,1332
2025-06-13,WMT,-0.115664,-0.548076,0.034066,-16.6757,-0.143525,0.3265,14.4308,-8.6658,1.6653,1369
2025-06-16,WMT,-0.118999,-0.549857,0.033865,-16.8272,-0.144281,0.3248,14.379,-8.5902,1.6739,1398
2025-06-17,WMT,-0.119314,-0.542013,0.03358,-16.7363,-0.145004,0.3264,14.1936,-8.5173,1.6664,1433
2025-06-18,WMT,-0.119544,-0.53415,0.033338,-16.6223,-0.145961,0.3279,14.0283,-8.4512,1.6599,1469
2025-06-20,WMT,-0.107265,-0.485708,0.033325,-15.1752,-0.145961,0.332,14.0456,-8.4081,1.6705,1493
2025-06-23,WMT,-0.104574,-0.468795,0.033162,-14.7395,-0.145961,0.3325,14.1049,-8.3813,1.6829,1530
2025-06-24,WMT,-0.097155,-0.435798,0.033246,-13.7098,-0.145961,0.3338,14.2108,-8.3622,1.6994,1553
2025-06-25,WMT,-0.104397,-0.453391,0.032899,-14.3892,-0.145961,0.3304,14.0932,-8.2553,1.7072,1588
2025-06-26,WMT,-0.116987,-0.486795,0.032551,-15.5694,-0.145961,0.3264,13.9537,-8.177,1.7064,1626
2025-06-27,WMT,-0.115783,-0.475875,0.03232,-15.3429,-0.145961,0.3219,14.1064,-8.0468,1.753,1674
2025-06-30,WMT,-0.109355,-0.448765,0.032242,-14.5388,-0.145961,0.3232,14.1499,-8.018,1.7648,1698
2025-07-01,WMT,-0.100191,-0.412622,0.032243,-13.4177,-0.145961,0.3249,14.2559,-8.0032,1.7813,1721
2025-07-02,WMT,-0.107164,-0.428845,0.032048,-14.0056,-0.145961,0.3224,14.2363,-7.9691,1.7864,1751
2025-07-03,WMT,-0.114658,-0.445766,0.031805,-14.6445,-0.145961,0.3204,14.1177,-7.9056,1.7858,1784
2025-07-07,WMT,-0.114577,-0.439318,0.031716,-14.4821,-0.145961,0.3202,14.1128,-7.876,1.7919,1814
2025-07-08,WMT,-0.112703,-0.42766,0.031545,-14.1913,-0.145961,0.3215,14.0085,-7.8313,1.7888,1838
2025-07-09,WMT,-0.117837,-0.436993,0.031215,-14.6401,-0.145961,0.3172,13.9465,-7.6906,1.8135,1882
2025-07-10,WMT,-0.11981,-0.436888,0.031041,-14.7187,-0.147311,0.3171,13.8482,-7.6423,1.812,1911
2025-07-11,WMT,-0.124815,-0.445347,0.030773,-15.1221,-0.150196,0.3181,13.592,-7.5803,1.7931,1947
2025-07-14,WMT,-0.118627,-0.422267,0.03069,-14.4106,-0.15384,0.3188,13.5762,-7.5056,1.8088,1986
2025-07-15,WMT,-0.124147,-0.432307,0.03051,-14.8249,-0.15384,0.3193,13.4532,-7.5013,1.7935,2016
2025-07-16,WMT,-0.125337,-0.430189,0.030363,-14.827,-0.15384,0.3198,13.377,-7.4786,1.7887,2040
2025-07-17,WMT,-0.129089,-0.435032,0.030115,-15.1097,-0.153992,0.3187,13.2784,-7.4146,1.7908,2079
2025-07-18,WMT,-0.128902,-0.429308,0.029903,-15.0257,-0.154691,0.3193,13.1477,-7.349,1.789,2114
2025-04-21,SPY,0.006154,3.693335,0.016179,227.0382,-0.003582,0.4545,7.9462,-3.2028,2.4811,45
2025-04-22,SPY,0.047714,354.307754,0.035838,9885.919,-0.003582,0.4681,19.5458,-4.4765,4.3663,95
2025-04-23,SPY,0.047608,48.741181,0.031642,1539.7789,-0.014466,0.4459,17.3107,-6.1918,2.7958,149
2025-04-24,SPY,0.059802,37.828909,0.03026,1249.4549,-0.018501,0.4563,15.9848,-6.2965,2.5387,206
2025-04-25,SPY,0.059495,17.407388,0.027581,630.4129,-0.018501,0.4453,14.4736,-6.0332,2.399,259
2025-04-28,SPY,0.058503,9.891004,0.026143,377.5761,-0.018501,0.4183,14.2208,-5.844,2.4334,307
2025-04-29,SPY,0.056451,6.220704,0.025078,247.2604,-0.018501,0.3956,13.9965,-5.7401,2.4384,364
2025-04-30,SPY,0.071454,7.793683,0.025319,307.0245,-0.018501,0.3952,14.3355,-5.618,2.5517,421
2025-05-01,SPY,0.067908,5.294331,0.024456,215.6647,-0.018501,0.384,13.8744,-5.5469,2.5013,473
2025-05-02,SPY,0.08572,6.944935,0.024298,285.0054,-0.018501,0.3878,13.908,-5.2618,2.6432,527
2025-05-05,SPY,0.078062,4.595469,0.02359,193.9574,-0.018501,0.3841,13.1006,-5.2458,2.4973,578
2025-05-06,SPY,0.071122,3.232664,0.02286,140.5351,-0.018501,0.3727,12.8415,-5.2814,2.4315,645
2025-05-07,SPY,0.058674,2.019988,0.021988,90.9577,-0.027214,0.3565,12.3825,-5.168,2.396,714
2025-05-08,SPY,0.056395,1.684575,0.021799,76.3592,-0.031414,0.3505,12.3125,-5.1529,2.3894,773
2025-05-09,SPY,0.052441,1.360048,0.021324,62.8427,-0.033024,0.3494,11.968,-5.1324,2.3318,825
2025-05-12,SPY,0.060288,1.514345,0.02499,59.7989,-0.033024,0.3512,12.6071,-5.4393,2.3178,886
2025-05-13,SPY,0.06612,1.583372,0.024523,63.7518,-0.033024,0.3518,12.4581,-5.3118,2.3454,935
2025-05-14,SPY,0.060616,1.279379,0.023826,52.8573,-0.033024,0.3446,12.1029,-5.1359,2.3566,997
2025-05-15,SPY,0.059602,1.155134,0.023348,48.6176,-0.033024,0.3472,11.7358,-5.0926,2.3045,1053
2025-05-16,SPY,0.062659,1.150621,0.022858,49.4639,-0.033024,0.3465,11.4604,-4.9289,2.3251,1105
2025-05-19,SPY,0.073135,1.332652,0.022683,57.8703,-0.033024,0.3527,11.3477,-4.8943,2.3185,1158
2025-05-20,SPY,0.071232,1.199401,0.022161,53.2185,-0.033024,0.3534,10.9845,-4.8079,2.2847,1219
2025-05-21,SPY,0.066097,1.016298,0.02187,45.5549,-0.033024,0.35,10.8921,-4.8057,2.2665,1271
2025-05-22,SPY,0.071941,1.073937,0.021704,48.5596,-0.033024,0.353,10.8757,-4.8113,2.2604,1311
2025-05-23,SPY,0.066663,0.916524,0.021403,41.8876,-0.033024,0.3547,10.6258,-4.8384,2.1961,1365
2025-05-27,SPY,0.084027,1.185849,0.021862,53.3271,-0.033024,0.3578,10.6883,-4.746,2.2521,1430
2025-05-28,SPY,0.093175,1.296701,0.021952,58.1584,-0.033024,0.3597,10.7273,-4.7248,2.2704,1477
2025-05-29,SPY,0.079927,0.997795,0.021626,45.2143,-0.033024,0.3573,10.499,-4.7717,2.2002,1540
2025-05-30,SPY,0.069807,0.797445,0.021479,36.1961,-0.033024,0.3548,10.4686,-4.8628,2.1528,1595
2025-06-02,SPY,0.07217,0.795619,0.021222,36.5472,-0.033024,0.356,10.3695,-4.8404,2.1423,1656
2025-06-03,SPY,0.076119,0.815487,0.020959,37.9539,-0.033024,0.36,10.1515,-4.7914,2.1187,1707
2025-06-04,SPY,0.075739,0.77702,0.020665,36.6337,-0.033024,0.3606,9.9511,-4.7274,2.105,1764
2025-06-05,SPY,0.078599,0.782093,0.020508,37.1611,-0.033024,0.358,9.9918,-4.6836,2.1334,1817
2025-06-06,SPY,0.0867,0.851979,0.020362,40.86,-0.033024,0.3555,10.0737,-4.6102,2.1851,1873
2025-06-09,SPY,0.081663,0.759795,0.020136,36.739,-0.033024,0.3555,9.8723,-4.5807,2.1552,1927
2025-06-10,SPY,0.080847,0.723255,0.019868,35.3968,-0.033024,0.3555,9.6952,-4.5175,2.1461,1988
2025-06-11,SPY,0.083735,0.729236,0.01969,36.0206,-0.033024,0.3566,9.6137,-4.4874,2.1424,2038
2025-06-12,SPY,0.084659,0.714157,0.019448,35.6936,-0.033024,0.3549,9.5284,-4.4212,2.1552,2104
2025-06-13,SPY,0.084515,0.689177,0.019286,34.6973,-0.033024,0.3574,9.3722,-4.4112,2.1246,2157
2025-06-16,SPY,0.089983,0.720858,0.019169,36.5624,-0.033024,0.3559,9.3766,-4.3518,2.1546,2212
2025-06-17,SPY,0.077949,0.58621,0.018911,29.9407,-0.033024,0.3526,9.2277,-4.3335,2.1294,2282
2025-06-18,SPY,0.072993,0.526092,0.018747,26.9959,-0.033024,0.349,9.1941,-4.3017,2.1373,2345
2025-06-20,SPY,0.069001,0.478514,0.018589,24.6654,-0.033024,0.347,9.1638,-4.2925,2.1348,2407
2025-06-23,SPY,0.077392,0.532546,0.01852,27.6757,-0.033024,0.3469,9.1915,-4.252,2.1617,2470
2025-06-24,SPY,0.074594,0.496125,0.018357,25.9364,-0.033024,0.3456,9.1131,-4.2191,2.16,2523
2025-06-25,SPY,0.071505,0.459874,0.01816,24.2216,-0.033024,0.3435,9.0132,-4.1627,2.1652,2583
2025-06-26,SPY,0.075628,0.478302,0.018026,25.4239,-0.033024,0.3458,8.9046,-4.1309,2.1556,2635
2025-06-27,SPY,0.078496,0.486955,0.017901,26.0852,-0.033024,0.3421,8.9532,-4.0751,2.197,2698
2025-06-30,SPY,0.075959,0.457205,0.017723,24.6681,-0.033024,0.3419,8.8189,-4.0324,2.187,2757
2025-07-01,SPY,0.072504,0.423019,0.017552,22.9611,-0.033024,0.3422,8.6745,-3.9991,2.1691,2816
2025-07-02,SPY,0.072543,0.413466,0.017398,22.6156,-0.033024,0.3425,8.5652,-3.9573,2.1644,2871
2025-07-03,SPY,0.078032,0.439254,0.017326,24.1983,-0.033024,0.3446,8.4891,-3.9271,2.1617,2909
2025-07-07,SPY,0.070088,0.380005,0.017212,20.9162,-0.033024,0.3424,8.4439,-3.9257,2.1509,2969
2025-07-08,SPY,0.069557,0.368628,0.017075,20.4176,-0.033024,0.3413,8.3698,-3.8806,2.1568,3024
2025-07-09,SPY,0.071915,0.374644,0.016961,20.9088,-0.033024,0.344,8.2633,-3.8662,2.1373,3077
2025-07-10,SPY,0.074014,0.378937,0.016851,21.3008,-0.033024,0.3465,8.1585,-3.8517,2.1182,3125
2025-07-11,SPY,0.067166,0.332952,0.016768,18.6641,-0.033024,0.344,8.1137,-3.8343,2.1161,3184
2025-07-14,SPY,0.064632,0.312733,0.016606,17.6282,-0.033024,0.343,8.0175,-3.7896,2.1157,3251
2025-07-15,SPY,0.060502,0.285179,0.016518,16.0535,-0.033024,0.341,7.9978,-3.7762,2.1179,3310
2025-07-16,SPY,0.059095,0.272704,0.016407,15.4025,-0.034937,0.3413,7.9313,-3.7611,2.1088,3370
2025-07-17,SPY,0.064221,0.29322,0.016325,16.7366,-0.034937,0.342,7.9114,-3.7372,2.1169,3415
2025-07-18,SPY,0.058393,0.25944,0.016184,14.7948,-0.034937,0.3405,7.827,-3.7075,2.1111,3479
2025-04-21,QQQ,0.003892,1.661358,0.01767,92.8898,-0.006695,0.5,7.2649,-4.9062,1.4808,43
2025-04-22,QQQ,0.053721,729.19985,0.043322,16831.5556,-0.006695,0.5,21.5303,-5.9589,3.6131,89
2025-04-23,QQQ,0.057397,107.644488,0.037978,2833.8785,-0.014162,0.4789,19.6065,-7.6749,2.5546,139
2025-04-24,QQQ,0.074057,89.10149,0.038268,2327.861,-0.01781,0.4646,19.8094,-7.8777,2.5146,192
2025-04-25,QQQ,0.080758,49.10913,0.035204,1394.4171,-0.01781,0.448,18.384,-7.1177,2.5829,239
2025-04-28,QQQ,0.076202,20.854702,0.033392,623.9373,-0.01781,0.4267,17.9609,-7.4591,2.4079,291
2025-04-29,QQQ,0.065332,8.760352,0.031863,274.3109,-0.01781,0.388,17.7725,-7.3777,2.409,356
2025-04-30,QQQ,0.093787,15.84161,0.033733,469.0302,-0.01781,0.399,18.3019,-7.1505,2.5595,404
2025-05-01,QQQ,0.091766,10.684966,0.032513,328.018,-0.01781,0.3974,17.342,-7.0995,2.4427,455
2025-05-02,QQQ,0.11069,13.091102,0.031854,410.3483,-0.01781,0.3931,17.4059,-6.6344,2.6236,511
2025-05-05,QQQ,0.099821,7.844012,0.030699,254.8651,-0.01781,0.3897,16.3357,-6.6693,2.4494,566
2025-05-06,QQQ,0.092566,5.418059,0.029701,181.7449,-0.019915,0.3796,15.9253,-6.6751,2.3858,631
2025-05-07,QQQ,0.0749,3.055631,0.028935,104.911,-0.035923,0.3649,15.4266,-6.6735,2.3116,693
2025-05-08,QQQ,0.092334,3.902285,0.029451,131.8205,-0.035923,0.3721,15.3507,-6.5635,2.3388,746
2025-05-09,QQQ,0.081486,2.728663,0.028548,94.8802,-0.035923,0.3738,14.3515,-6.5017,2.2074,804
2025-05-12,QQQ,0.037348,0.7816,0.034704,21.9454,-0.073442,0.3725,13.9186,-7.3828,1.8853,866
2025-05-13,QQQ,0.049711,1.05271,0.034008,30.3669,-0.073442,0.3766,13.631,-7.1214,1.9141,919
2025-05-14,QQQ,0.045939,0.875385,0.033032,25.8958,-0.073442,0.3728,13.2684,-6.9229,1.9166,979
2025-05-15,QQQ,0.042946,0.746669,0.032352,22.4615,-0.073442,0.3755,12.8791,-6.8907,1.8691,1040
2025-05-16,QQQ,0.040205,0.643237,0.031573,19.7394,-0.073442,0.3752,12.4736,-6.7319,1.8529,1095
2025-05-19,QQQ,0.055309,0.907905,0.031348,28.3245,-0.073442,0.3803,12.4566,-6.6344,1.8776,1142
2025-05-20,QQQ,0.052747,0.801822,0.030601,25.5492,-0.073442,0.3796,12.0876,-6.4816,1.8649,1203
2025-05-21,QQQ,0.044157,0.605497,0.030155,19.4163,-0.073442,0.3758,11.9868,-6.4923,1.8463,1268
2025-05-22,QQQ,0.04861,0.646058,0.029752,21.0426,-0.073442,0.3732,12.0345,-6.4015,1.8799,1321
2025-05-23,QQQ,0.039719,0.480856,0.029257,15.7522,-0.073442,0.3692,11.8838,-6.3607,1.8683,1377
2025-05-27,QQQ,0.061256,0.779327,0.02967,25.5927,-0.073442,0.3694,12.0698,-6.1946,1.9484,1438
2025-05-28,QQQ,0.070622,0.890622,0.029418,29.5954,-0.073442,0.3671,12.1257,-6.0671,1.9986,1499
2025-05-29,QQQ,0.065796,0.774467,0.028967,26.0459,-0.073442,0.372,11.7301,-6.0774,1.9301,1558
2025-05-30,QQQ,0.057034,0.619295,0.028617,20.9421,-0.073442,0.3702,11.6339,-6.1126,1.9033,1619
2025-06-02,QQQ,0.057628,0.601024,0.028266,20.5555,-0.073442,0.3659,11.6448,-6.0233,1.9333,1686
2025-06-03,QQQ,0.060925,0.617301,0.027835,21.4587,-0.073442,0.3666,11.4673,-5.9257,1.9352,1749
2025-06-04,QQQ,0.061118,0.595474,0.02743,20.9795,-0.073442,0.3633,11.3612,-5.7979,1.9595,1806
2025-06-05,QQQ,0.059288,0.552443,0.02709,19.6547,-0.073442,0.3581,11.3561,-5.6998,1.9923,1872
2025-06-06,QQQ,0.059891,0.538965,0.026719,19.4233,-0.073442,0.3587,11.1976,-5.6398,1.9855,1935
2025-06-09,QQQ,0.059187,0.512877,0.026437,18.6434,-0.073442,0.3591,11.0462,-5.5868,1.9772,1982
2025-06-10,QQQ,0.055505,0.45956,0.026034,16.8839,-0.073442,0.356,10.894,-5.4795,1.9881,2054
2025-06-11,QQQ,0.061171,0.498366,0.025782,18.5544,-0.073442,0.3591,10.7417,-5.4331,1.9771,2106
2025-06-12,QQQ,0.059375,0.465948,0.02547,17.5086,-0.073442,0.3584,10.5932,-5.3652,1.9744,2164
2025-06-13,QQQ,0.059933,0.456587,0.025232,17.303,-0.073442,0.3557,10.5864,-5.3041,1.9959,2225
2025-06-16,QQQ,0.064312,0.480928,0.025017,18.4245,-0.073442,0.3523,10.6324,-5.2211,2.0364,2286
2025-06-17,QQQ,0.05524,0.391633,0.024698,15.0469,-0.073442,0.3485,10.5431,-5.1723,2.0384,2352
2025-06-18,QQQ,0.048874,0.331498,0.024436,12.7476,-0.073442,0.3457,10.4885,-5.1401,2.0405,2413
2025-06-20,QQQ,0.056373,0.379051,0.024297,14.7777,-0.073442,0.3491,10.4305,-5.1389,2.0297,2461
2025-06-23,QQQ,0.06309,0.419625,0.024194,16.5173,-0.073442,0.3475,10.5204,-5.1049,2.0609,2519
2025-06-24,QQQ,0.065747,0.428445,0.023969,17.0408,-0.073442,0.3477,10.4116,-5.0421,2.0649,2575
2025-06-25,QQQ,0.064057,0.405147,0.023734,16.2279,-0.073442,0.3479,10.277,-4.9982,2.0561,2631
2025-06-26,QQQ,0.06551,0.405257,0.023592,16.3301,-0.073442,0.347,10.2533,-4.967,2.0643,2692
2025-06-27,QQQ,0.064362,0.387453,0.023424,15.6874,-0.073442,0.3439,10.2602,-4.9167,2.0868,2748
2025-06-30,QQQ,0.062862,0.368255,0.023185,15.0207,-0.073442,0.343,10.127,-4.8467,2.0895,2809
2025-07-01,QQQ,0.051923,0.290623,0.02296,11.7868,-0.073442,0.343,9.9386,-4.8331,2.0563,2872
2025-07-02,QQQ,0.052114,0.285332,0.022733,11.6717,-0.073442,0.3404,9.8984,-4.7602,2.0794,2943
2025-07-03,QQQ,0.056571,0.305617,0.022591,12.6429,-0.073442,0.3414,9.8291,-4.7218,2.0817,2987
2025-07-07,QQQ,0.048042,0.249959,0.022455,10.2411,-0.073442,0.3389,9.8036,-4.7153,2.0791,3039
2025-07-08,QQQ,0.047949,0.244287,0.022306,10.0552,-0.073442,0.339,9.7282,-4.6849,2.0765,3088
2025-07-09,QQQ,0.051743,0.260047,0.022166,10.8297,-0.073442,0.3389,9.6636,-4.6315,2.0865,3145
2025-07-10,QQQ,0.05175,0.254893,0.022001,10.6764,-0.073442,0.34,9.5462,-4.6006,2.075,3197
2025-07-11,QQQ,0.045529,0.217548,0.021839,9.0457,-0.073442,0.3383,9.4813,-4.5741,2.0728,3261
2025-07-14,QQQ,0.04329,0.202171,0.021653,8.4131,-0.073442,0.3382,9.3566,-4.5271,2.0668,3325
2025-07-15,QQQ,0.045263,0.208137,0.021549,8.7307,-0.073442,0.3385,9.3116,-4.5031,2.0678,3383
2025-07-16,QQQ,0.043152,0.194154,0.021388,8.1426,-0.073442,0.3392,9.2099,-4.4814,2.0551,3443
2025-07-17,QQQ,0.049324,0.220058,0.021244,9.4171,-0.073442,0.3383,9.1905,-4.4239,2.0775,3501
2025-07-18,QQQ,0.04704,0.205426,0.021098,8.7889,-0.073442,0.3395,9.063,-4.3997,2.0599,3553
2025-04-21,JPM,-0.001907,-0.381888,0.016332,-24.6072,-0.006142,0.5455,6.57,-10.4269,0.6301,23
2025-04-22,JPM,0.022943,16.42884,0.042894,382.545,-0.006142,0.52,21.5038,-10.5498,2.0383,51
2025-04-23,JPM,0.016693,3.017465,0.039258,76.3534,-0.018448,0.4419,19.4512,-10.7619,1.8074,86
2025-04-24,JPM,0.021596,2.842314,0.035908,78.5982,-0.018448,0.4643,17.5589,-10.4186,1.6853,112
2025-04-25,JPM,0.01619,1.246655,0.033602,36.5059,-0.018609,0.4429,16.5873,-10.4173,1.5923,140
2025-04-28,JPM,0.016412,0.981187,0.032575,29.5066,-0.022346,0.4096,17.1368,-9.658,1.7744,162
2025-04-29,JPM,0.017467,0.86521,0.032239,26.2166,-0.023949,0.4021,17.15,-9.5242,1.8007,188
2025-04-30,JPM,0.015353,0.615985,0.033729,17.6699,-0.029653,0.4091,17.2042,-10.336,1.6645,214
2025-05-01,JPM,0.008596,0.270816,0.03281,7.6445,-0.029653,0.3828,17.5906,-10.1852,1.7271,250
2025-05-02,JPM,0.02263,0.757532,0.034615,21.3069,-0.029653,0.3611,19.9211,-9.6199,2.0708,283
2025-05-05,JPM,0.01319,0.350113,0.034463,9.5787,-0.029653,0.3438,19.7201,-9.4921,2.0775,313
2025-05-06,JPM,-0.001036,-0.021539,0.033867,-1.2265,-0.035246,0.3333,19.2559,-9.6875,1.9877,341
2025-05-07,JPM,-0.016816,-0.280169,0.03347,-8.9684,-0.050485,0.3281,18.6149,-9.96,1.869,376
2025-05-08,JPM,-0.012894,-0.208317,0.033202,-6.8766,-0.052267,0.3285,18.4028,-9.6212,1.9127,406
2025-05-09,JPM,-0.018759,-0.272498,0.032303,-9.0547,-0.052361,0.3288,17.5721,-9.4485,1.8598,436
2025-05-12,JPM,-0.025547,-0.334754,0.032623,-10.8742,-0.059765,0.3235,17.8778,-9.6081,1.8607,469
2025-05-13,JPM,-0.026887,-0.332368,0.031677,-11.1236,-0.06222,0.3281,17.0114,-9.35,1.8194,505
2025-05-14,JPM,-0.029485,-0.342297,0.031131,-11.6378,-0.065079,0.3272,16.7636,-9.2269,1.8168,536
2025-05-15,JPM,-0.02137,-0.249119,0.030716,-8.7616,-0.065079,0.3368,16.2749,-9.0204,1.8042,560
2025-05-16,JPM,-0.029243,-0.31199,0.030562,-10.8629,-0.065079,0.3333,16.1445,-9.0569,1.7826,584
2025-05-19,JPM,-0.047846,-0.444754,0.032181,-14.4421,-0.083024,0.3301,16.3067,-9.5625,1.7053,613
2025-05-20,JPM,-0.048785,-0.436114,0.031775,-14.3543,-0.083784,0.3323,15.9321,-9.4281,1.6898,636
2025-05-21,JPM,-0.062106,-0.504661,0.031342,-16.7397,-0.094224,0.3255,15.6166,-9.3369,1.6726,665
2025-05-22,JPM,-0.072254,-0.545006,0.030929,-18.2679,-0.105038,0.323,15.3034,-9.3012,1.6453,694
2025-05-23,JPM,-0.06691,-0.50246,0.031338,-16.6716,-0.109101,0.328,15.3642,-9.282,1.6553,728
2025-05-27,JPM,-0.068039,-0.494882,0.030808,-16.7124,-0.109101,0.3273,15.1321,-9.101,1.6627,761
2025-05-28,JPM,-0.068955,-0.486676,0.030348,-16.6954,-0.109101,0.3284,14.7902,-8.9333,1.6556,789
2025-05-29,JPM,-0.077273,-0.515094,0.029818,-17.9452,-0.109101,0.3214,14.5782,-8.713,1.6731,822
2025-05-30,JPM,-0.075312,-0.493582,0.029417,-17.4588,-0.109651,0.3203,14.4794,-8.5244,1.6986,850
2025-06-02,JPM,-0.081968,-0.512466,0.029055,-18.326,-0.115108,0.3215,14.1586,-8.4949,1.6667,884
2025-06-03,JPM,-0.081088,-0.497134,0.02894,-17.8691,-0.117637,0.3247,14.0065,-8.4572,1.6562,910
2025-06-04,JPM,-0.087659,-0.514447,0.028626,-18.6698,-0.12081,0.3222,13.8422,-8.383,1.6512,936
2025-06-05,JPM,-0.098378,-0.546527,0.028437,-19.9224,-0.129254,0.3239,13.4995,-8.4304,1.6013,966
2025-06-06,JPM,-0.088768,-0.497915,0.028585,-18.1185,-0.129254,0.3254,13.689,-8.3435,1.6407,986
2025-06-09,JPM,-0.090369,-0.494373,0.028634,-17.9635,-0.129254,0.3282,13.5613,-8.3651,1.6212,1008
2025-06-10,JPM,-0.095613,-0.505143,0.028474,-18.4427,-0.129254,0.3264,13.5243,-8.3393,1.6218,1036
2025-06-11,JPM,-0.098684,-0.507195,0.028236,-18.671,-0.130956,0.3266,13.322,-8.254,1.614,1064
2025-06-12,JPM,-0.101968,-0.509937,0.028004,-18.9235,-0.133271,0.3239,13.1866,-8.0967,1.6286,1100
2025-06-13,JPM,-0.103555,-0.506567,0.028353,-18.5718,-0.139433,0.3212,13.3838,-8.091,1.6542,1131
2025-06-16,JPM,-0.09162,-0.454133,0.028692,-16.5247,-0.139433,0.3266,13.4438,-8.0539,1.6692,1154
2025-06-17,JPM,-0.102229,-0.484606,0.028778,-17.5345,-0.139433,0.3262,13.33,-8.1266,1.6403,1180
2025-06-18,JPM,-0.080276,-0.394737,0.031287,-13.2561,-0.139433,0.3274,13.9948,-8.1069,1.7263,1198
2025-06-20,JPM,-0.078187,-0.379432,0.031111,-12.8388,-0.139433,0.3296,13.8803,-8.0737,1.7192,1215
2025-06-23,JPM,-0.067443,-0.329616,0.030974,-11.2876,-0.139433,0.3318,13.9061,-7.9572,1.7476,1247
2025-06-24,JPM,-0.058765,-0.287624,0.030798,-9.9884,-0.139433,0.3333,13.8847,-7.8368,1.7717,1282
2025-06-25,JPM,-0.063076,-0.300177,0.030537,-10.4849,-0.139433,0.3348,13.6882,-7.8264,1.749,1317
2025-06-26,JPM,-0.06248,-0.292431,0.030219,-10.3388,-0.139433,0.3362,13.4768,-7.7318,1.743,1353
2025-06-27,JPM,-0.060637,-0.279928,0.030163,-9.9434,-0.139433,0.3333,13.6312,-7.672,1.7767,1383
2025-06-30,JPM,-0.061269,-0.277592,0.029952,-9.9356,-0.139433,0.3343,13.5182,-7.6382,1.7698,1410
2025-07-01,JPM,-0.059017,-0.264043,0.029816,-9.5266,-0.139433,0.3374,13.4241,-7.644,1.7562,1438
2025-07-02,JPM,-0.058903,-0.259162,0.029609,-9.4283,-0.139433,0.3351,13.3973,-7.5376,1.7774,1466
2025-07-03,JPM,-0.048359,-0.213539,0.029626,-7.8828,-0.139433,0.3395,13.3902,-7.524,1.7797,1483
2025-07-07,JPM,-0.058838,-0.250482,0.029462,-9.1808,-0.139433,0.3389,13.2609,-7.5631,1.7534,1514
2025-07-08,JPM,-0.064135,-0.266059,0.029246,-9.7811,-0.139433,0.3409,13.0487,-7.5724,1.7232,1544
2025-07-09,JPM,-0.063411,-0.259299,0.029122,-9.5906,-0.139433,0.3408,13.0513,-7.5449,1.7298,1575
2025-07-10,JPM,-0.059601,-0.24159,0.029043,-9.0069,-0.139433,0.3431,13.0058,-7.5315,1.7268,1603
2025-07-11,JPM,-0.06445,-0.25512,0.028831,-9.5425,-0.139433,0.3433,12.8956,-7.524,1.7139,1638
2025-07-14,JPM,-0.070699,-0.272816,0.028654,-10.219,-0.139433,0.3399,12.9,-7.4746,1.7258,1680
2025-07-15,JPM,-0.104248,-0.375137,0.029096,-13.5806,-0.139433,0.3348,12.9002,-7.6759,1.6806,1728
2025-07-16,JPM,-0.115347,-0.402351,0.029209,-14.4599,-0.149471,0.3341,12.8832,-7.7447,1.6635,1762
2025-07-17,JPM,-0.104624,-0.366527,0.029423,-13.1369,-0.149471,0.3337,13.0562,-7.6804,1.7,1793
2025-07-18,JPM,-0.116469,-0.39547,0.029167,-14.2446,-0.149471,0.3305,12.9397,-7.6239,1.6973,1831
